{
  "alpha_0": 0.15,
  "alpha_1": 0.15,
  "benchmarks": {
    "p_m": 1.9249809190175329,
    "p_n": 1.472926660030884,
    "pi_m": [
      0.337459978414553,
      0.337459978414553
    ],
    "pi_n": [
      0.22020400846622798,
      0.22020400846622798
    ]
  },
  "beta_0": 4e-06,
  "beta_1": 4e-06,
  "condition": "delta_o0.95_v0.70",
  "converged": false,
  "delta_0": 0.95,
  "delta_1": 0.7,
  "detected_cycle_length": 5,
  "distance_to_monopoly_price": 0.3577667190228242,
  "distance_to_nash_price": 0.09428753996382477,
  "eval_periods": 10000,
  "final_avg_price_oracle": 1.5594550115350614,
  "final_avg_price_victim": 1.574973388454356,
  "final_avg_profit_oracle": 0.26289861102979517,
  "final_avg_profit_victim": 0.2529519026585903,
  "final_market_price_mean": 1.5672141999947087,
  "final_profit_asymmetry": 0.009946708371204871,
  "final_profit_gain_oracle": 0.3641145315021726,
  "final_profit_gain_victim": 0.2792855170341808,
  "m": 15,
  "market_config": {
    "costs": null,
    "demand_scale": 1.0,
    "m": 15,
    "mu": 0.25,
    "n": 2,
    "outside_quality": 0.0,
    "qualities": null,
    "xi": 0.1
  },
  "max_periods": 100000,
  "periods_to_convergence": 100000,
  "seed": 2
}