{
  "benchmarks": {
    "p_m": 1.9249809190175329,
    "p_n": 1.472926660030884,
    "pi_m": [
      0.337459978414553,
      0.337459978414553
    ],
    "pi_n": [
      0.22020400846622798,
      0.22020400846622798
    ],
    "static_cooperative_action": 13,
    "static_cooperative_price": 1.9314388370030566
  },
  "final_eval_avg_price_oracle": 1.631839469315484,
  "final_eval_avg_price_victim": 1.6988687244411558,
  "final_eval_avg_profit_oracle": 0.29618390664906474,
  "final_eval_avg_profit_victim": 0.2503308322955272,
  "final_eval_distance_to_monopoly_price": 0.25962682213921306,
  "final_eval_distance_to_nash_price": 0.1924274368474359,
  "final_eval_market_price_mean": 1.6653540968783198,
  "final_eval_oracle_profit_gain": 0.6479831962186768,
  "final_eval_profit_asymmetry": 0.045853074353537526,
  "final_eval_victim_profit_gain": 0.25693211051493753,
  "max_eval_profit_asymmetry": 0.045853074353537526,
  "mean_last_5_eval_profit_asymmetry": 0.045853074353537526,
  "oracle_kind": "tabular_rollout_lola",
  "seed": 1,
  "victim_kind": "adaptive_q"
}