{
  "alpha_0": 0.15,
  "alpha_1": 0.15,
  "benchmarks": {
    "p_m": 1.9249809190175329,
    "p_n": 1.472926660030884,
    "pi_m": [
      0.337459978414553,
      0.337459978414553
    ],
    "pi_n": [
      0.22020400846622798,
      0.22020400846622798
    ]
  },
  "beta_0": 4e-06,
  "beta_1": 4e-06,
  "condition": "delta_o0.70_v0.95",
  "converged": false,
  "delta_0": 0.7,
  "delta_1": 0.95,
  "detected_cycle_length": 2,
  "distance_to_monopoly_price": 0.21634025251558953,
  "distance_to_nash_price": 0.23571400647105945,
  "eval_periods": 100000,
  "final_avg_price_oracle": 1.6989537895236662,
  "final_avg_price_victim": 1.7183275434802205,
  "final_avg_profit_oracle": 0.3124219145006263,
  "final_avg_profit_victim": 0.2871682096983884,
  "final_market_price_mean": 1.7086406665019434,
  "final_profit_asymmetry": 0.025253704802237875,
  "final_profit_gain_oracle": 0.786466617222466,
  "final_profit_gain_victim": 0.5710941733855573,
  "m": 15,
  "market_config": {
    "costs": null,
    "demand_scale": 1.0,
    "m": 15,
    "mu": 0.25,
    "n": 2,
    "outside_quality": 0.0,
    "qualities": null,
    "xi": 0.1
  },
  "max_periods": 10000000,
  "periods_to_convergence": 10000000,
  "seed": 87
}