{
  "benchmarks": {
    "p_m": 1.9249809190175329,
    "p_n": 1.472926660030884,
    "pi_m": [
      0.337459978414553,
      0.337459978414553
    ],
    "pi_n": [
      0.22020400846622798,
      0.22020400846622798
    ],
    "static_cooperative_action": 13,
    "static_cooperative_price": 1.9314388370030566
  },
  "final_eval_avg_price_oracle": 1.5635645411005243,
  "final_eval_avg_price_victim": 1.6986483481172472,
  "final_eval_avg_profit_oracle": 0.31209573458926754,
  "final_eval_avg_profit_victim": 0.218649466462899,
  "final_eval_distance_to_monopoly_price": 0.2938744744086472,
  "final_eval_distance_to_nash_price": 0.15817978457800175,
  "final_eval_market_price_mean": 1.6311064446088857,
  "final_eval_oracle_profit_gain": 0.7836848406399816,
  "final_eval_profit_asymmetry": 0.09344626812636853,
  "final_eval_victim_profit_gain": -0.013257678939622933,
  "max_eval_profit_asymmetry": 0.09344626812636853,
  "mean_last_5_eval_profit_asymmetry": 0.09305298797404395,
  "oracle_kind": "tabular_cfr",
  "seed": 4,
  "victim_kind": "adaptive_q"
}