{
  "benchmarks": {
    "p_m": 1.9249809190175329,
    "p_n": 1.472926660030884,
    "pi_m": [
      0.337459978414553,
      0.337459978414553
    ],
    "pi_n": [
      0.22020400846622798,
      0.22020400846622798
    ],
    "static_cooperative_action": 13,
    "static_cooperative_price": 1.9314388370030566
  },
  "final_eval_avg_price_oracle": 1.660254752188921,
  "final_eval_avg_price_victim": 1.9314388036727905,
  "final_eval_avg_profit_oracle": 0.4139729833975434,
  "final_eval_avg_profit_victim": 0.19738912548869847,
  "final_eval_distance_to_monopoly_price": 0.1291341410866771,
  "final_eval_distance_to_nash_price": 0.3229201178999719,
  "final_eval_market_price_mean": 1.7958467779308558,
  "final_eval_oracle_profit_gain": 1.6525297178191427,
  "final_eval_profit_asymmetry": 0.21658385790884493,
  "final_eval_victim_profit_gain": -0.19457331671542252,
  "max_eval_profit_asymmetry": 0.21667797993239948,
  "mean_last_5_eval_profit_asymmetry": 0.18818162866132335,
  "oracle_kind": "dqn",
  "seed": 2,
  "victim_kind": "static_cooperative"
}