{
  "alpha_0": 0.15,
  "alpha_1": 0.03,
  "benchmarks": {
    "p_m": 1.9249809190175329,
    "p_n": 1.472926660030884,
    "pi_m": [
      0.337459978414553,
      0.337459978414553
    ],
    "pi_n": [
      0.22020400846622798,
      0.22020400846622798
    ]
  },
  "beta_0": 4e-06,
  "beta_1": 4e-06,
  "condition": "alpha_o0.15_v0.03",
  "converged": false,
  "delta_0": 0.95,
  "delta_1": 0.95,
  "detected_cycle_length": 2,
  "distance_to_monopoly_price": 0.10978460575268012,
  "distance_to_nash_price": 0.34226965323396885,
  "eval_periods": 100000,
  "final_avg_price_oracle": 1.815196313265099,
  "final_avg_price_victim": 1.8151963132646065,
  "final_avg_profit_oracle": 0.3255088471586999,
  "final_avg_profit_victim": 0.3275503768546671,
  "final_market_price_mean": 1.8151963132648528,
  "final_profit_asymmetry": -0.0020415296959672147,
  "final_profit_gain_oracle": 0.8980765647913704,
  "final_profit_gain_victim": 0.9154874454217291,
  "m": 15,
  "market_config": {
    "costs": null,
    "demand_scale": 1.0,
    "m": 15,
    "mu": 0.25,
    "n": 2,
    "outside_quality": 0.0,
    "qualities": null,
    "xi": 0.1
  },
  "max_periods": 10000000,
  "periods_to_convergence": 10000000,
  "seed": 9
}