{
  "alpha_0": 0.15,
  "alpha_1": 0.15,
  "benchmarks": {
    "p_m": 1.9249809190175329,
    "p_n": 1.472926660030884,
    "pi_m": [
      0.337459978414553,
      0.337459978414553
    ],
    "pi_n": [
      0.22020400846622798,
      0.22020400846622798
    ]
  },
  "beta_0": 4e-06,
  "beta_1": 4e-06,
  "condition": "delta_o0.95_v0.70",
  "converged": false,
  "delta_0": 0.95,
  "delta_1": 0.7,
  "detected_cycle_length": 2,
  "distance_to_monopoly_price": 0.3228958992763773,
  "distance_to_nash_price": 0.12915835971027168,
  "eval_periods": 100000,
  "final_avg_price_oracle": 1.6214587736964636,
  "final_avg_price_victim": 1.5827112657858478,
  "final_avg_profit_oracle": 0.2598146358952579,
  "final_avg_profit_victim": 0.2844396970795056,
  "final_market_price_mean": 1.6020850197411556,
  "final_profit_asymmetry": -0.024625061184247732,
  "final_profit_gain_oracle": 0.33781331088290345,
  "final_profit_gain_victim": 0.547824461659278,
  "m": 15,
  "market_config": {
    "costs": null,
    "demand_scale": 1.0,
    "m": 15,
    "mu": 0.25,
    "n": 2,
    "outside_quality": 0.0,
    "qualities": null,
    "xi": 0.1
  },
  "max_periods": 10000000,
  "periods_to_convergence": 10000000,
  "seed": 82
}