{
  "benchmarks": {
    "p_m": 1.9249809190175329,
    "p_n": 1.472926660030884,
    "pi_m": [
      0.337459978414553,
      0.337459978414553
    ],
    "pi_n": [
      0.22020400846622798,
      0.22020400846622798
    ]
  },
  "final_eval_avg_price_oracle": 1.5827112197875977,
  "final_eval_avg_price_victim": 1.6987140372479335,
  "final_eval_avg_profit_oracle": 0.31382934146758634,
  "final_eval_avg_profit_victim": 0.22740179605584127,
  "final_eval_distance_to_monopoly_price": 0.2842682904997673,
  "final_eval_distance_to_nash_price": 0.16778596848688165,
  "final_eval_market_price_mean": 1.6407126285177656,
  "final_eval_oracle_profit_gain": 0.7984696475805818,
  "final_eval_profit_asymmetry": 0.08642754541174508,
  "final_eval_victim_profit_gain": 0.06138525477880033,
  "max_eval_profit_asymmetry": 0.08642754541174508,
  "mean_last_5_eval_profit_asymmetry": 0.045283841494214695,
  "oracle_kind": "actor_critic",
  "seed": 0
}