{
  "benchmarks": {
    "p_m": 1.9249809190175329,
    "p_n": 1.472926660030884,
    "pi_m": [
      0.337459978414553,
      0.337459978414553
    ],
    "pi_n": [
      0.22020400846622798,
      0.22020400846622798
    ],
    "static_cooperative_action": 13,
    "static_cooperative_price": 1.9314388370030566
  },
  "final_eval_avg_price_oracle": 1.578399104207754,
  "final_eval_avg_price_victim": 1.6996103758914396,
  "final_eval_avg_profit_oracle": 0.3123020946769975,
  "final_eval_avg_profit_victim": 0.22537418883258942,
  "final_eval_distance_to_monopoly_price": 0.28597617896793603,
  "final_eval_distance_to_nash_price": 0.16607808001871294,
  "final_eval_market_price_mean": 1.6390047400495968,
  "final_eval_oracle_profit_gain": 0.7854447517798655,
  "final_eval_profit_asymmetry": 0.08692790584440807,
  "final_eval_victim_profit_gain": 0.0440931098744051,
  "max_eval_profit_asymmetry": 0.1258293029788183,
  "mean_last_5_eval_profit_asymmetry": 0.08914744788868122,
  "oracle_kind": "dqn_regret",
  "seed": 5,
  "victim_kind": "adaptive_q"
}