{
  "benchmarks": {
    "p_m": 1.9249809190175329,
    "p_n": 1.472926660030884,
    "pi_m": [
      0.337459978414553,
      0.337459978414553
    ],
    "pi_n": [
      0.22020400846622798,
      0.22020400846622798
    ],
    "static_cooperative_action": 13,
    "static_cooperative_price": 1.9314388370030566
  },
  "final_eval_avg_price_oracle": 1.6663610798865556,
  "final_eval_avg_price_victim": 1.9314388036727905,
  "final_eval_avg_profit_oracle": 0.4123496564270463,
  "final_eval_avg_profit_victim": 0.20073370288842124,
  "final_eval_distance_to_monopoly_price": 0.12608097723785994,
  "final_eval_distance_to_nash_price": 0.32597328174878903,
  "final_eval_market_price_mean": 1.798899941779673,
  "final_eval_oracle_profit_gain": 1.6386854165762081,
  "final_eval_profit_asymmetry": 0.21161595353862506,
  "final_eval_victim_profit_gain": -0.16604958865964223,
  "max_eval_profit_asymmetry": 0.2118524652228807,
  "mean_last_5_eval_profit_asymmetry": 0.21158762579228493,
  "oracle_kind": "tabular_cfr",
  "seed": 1,
  "victim_kind": "static_cooperative"
}