{
  "alpha_0": 0.03,
  "alpha_1": 0.15,
  "benchmarks": {
    "p_m": 1.9249809190175329,
    "p_n": 1.472926660030884,
    "pi_m": [
      0.337459978414553,
      0.337459978414553
    ],
    "pi_n": [
      0.22020400846622798,
      0.22020400846622798
    ]
  },
  "beta_0": 4e-06,
  "beta_1": 4e-06,
  "condition": "alpha_o0.03_v0.15",
  "converged": false,
  "delta_0": 0.95,
  "delta_1": 0.95,
  "detected_cycle_length": 4,
  "distance_to_monopoly_price": 0.26961807589543474,
  "distance_to_nash_price": 0.18243618309121423,
  "eval_periods": 100000,
  "final_avg_price_oracle": 1.6408325276546887,
  "final_avg_price_victim": 1.6698931585895076,
  "final_avg_profit_oracle": 0.29780215654619624,
  "final_avg_profit_victim": 0.26637907450872395,
  "final_market_price_mean": 1.6553628431220981,
  "final_profit_asymmetry": 0.031423082037472294,
  "final_profit_gain_oracle": 0.6617841984008657,
  "final_profit_gain_victim": 0.39379714365797686,
  "m": 15,
  "market_config": {
    "costs": null,
    "demand_scale": 1.0,
    "m": 15,
    "mu": 0.25,
    "n": 2,
    "outside_quality": 0.0,
    "qualities": null,
    "xi": 0.1
  },
  "max_periods": 10000000,
  "periods_to_convergence": 10000000,
  "seed": 57
}