{
  "alpha_0": 0.15,
  "alpha_1": 0.15,
  "benchmarks": {
    "p_m": 1.9249809190175329,
    "p_n": 1.472926660030884,
    "pi_m": [
      0.337459978414553,
      0.337459978414553
    ],
    "pi_n": [
      0.22020400846622798,
      0.22020400846622798
    ]
  },
  "beta_0": 4e-06,
  "beta_1": 4e-06,
  "condition": "delta_o0.70_v0.95",
  "converged": false,
  "delta_0": 0.7,
  "delta_1": 0.95,
  "detected_cycle_length": 3,
  "distance_to_monopoly_price": 0.10332636487197577,
  "distance_to_nash_price": 0.3487278941146732,
  "eval_periods": 100000,
  "final_avg_price_oracle": 1.8151970882142343,
  "final_avg_price_victim": 1.8281120200768797,
  "final_avg_profit_oracle": 0.32849229896533494,
  "final_avg_profit_victim": 0.3215762316630419,
  "final_market_price_mean": 1.821654554145557,
  "final_profit_asymmetry": 0.00691606730229305,
  "final_profit_gain_oracle": 0.9235204872453817,
  "final_profit_gain_victim": 0.8645378417959348,
  "m": 15,
  "market_config": {
    "costs": null,
    "demand_scale": 1.0,
    "m": 15,
    "mu": 0.25,
    "n": 2,
    "outside_quality": 0.0,
    "qualities": null,
    "xi": 0.1
  },
  "max_periods": 10000000,
  "periods_to_convergence": 10000000,
  "seed": 62
}