{
  "benchmarks": {
    "p_m": 1.9249809190175329,
    "p_n": 1.472926660030884,
    "pi_m": [
      0.337459978414553,
      0.337459978414553
    ],
    "pi_n": [
      0.22020400846622798,
      0.22020400846622798
    ],
    "static_cooperative_action": 13,
    "static_cooperative_price": 1.9314388370030566
  },
  "final_eval_avg_price_oracle": 1.4277345814276488,
  "final_eval_avg_price_victim": 1.6985133372750134,
  "final_eval_avg_profit_oracle": 0.28937952844181564,
  "final_eval_avg_profit_victim": 0.15819772167224436,
  "final_eval_distance_to_monopoly_price": 0.3618569596662018,
  "final_eval_distance_to_nash_price": 0.09019729932044718,
  "final_eval_market_price_mean": 1.563123959351331,
  "final_eval_oracle_profit_gain": 0.5899530745093275,
  "final_eval_profit_asymmetry": 0.13118180676957128,
  "final_eval_victim_profit_gain": -0.5288113417279303,
  "max_eval_profit_asymmetry": 0.13118180676957128,
  "mean_last_5_eval_profit_asymmetry": 0.08603218798335877,
  "oracle_kind": "dqn_regret",
  "seed": 2,
  "victim_kind": "adaptive_q"
}