{
  "alpha_0": 0.15,
  "alpha_1": 0.15,
  "benchmarks": {
    "p_m": 1.9249809190175329,
    "p_n": 1.472926660030884,
    "pi_m": [
      0.337459978414553,
      0.337459978414553
    ],
    "pi_n": [
      0.22020400846622798,
      0.22020400846622798
    ]
  },
  "beta_0": 4e-06,
  "beta_1": 4e-06,
  "condition": "delta_o0.95_v0.70",
  "converged": false,
  "delta_0": 0.95,
  "delta_1": 0.7,
  "detected_cycle_length": 4,
  "distance_to_monopoly_price": 0.22118369100432433,
  "distance_to_nash_price": 0.23087056798232464,
  "eval_periods": 100000,
  "final_avg_price_oracle": 1.689266912546274,
  "final_avg_price_victim": 1.718327543480143,
  "final_avg_profit_oracle": 0.30032825219496156,
  "final_avg_profit_victim": 0.29187362822529744,
  "final_market_price_mean": 1.7037972280132085,
  "final_profit_asymmetry": 0.008454623969664121,
  "final_profit_gain_oracle": 0.6833276272759888,
  "final_profit_gain_victim": 0.6112236314334736,
  "m": 15,
  "market_config": {
    "costs": null,
    "demand_scale": 1.0,
    "m": 15,
    "mu": 0.25,
    "n": 2,
    "outside_quality": 0.0,
    "qualities": null,
    "xi": 0.1
  },
  "max_periods": 10000000,
  "periods_to_convergence": 10000000,
  "seed": 46
}