{
  "benchmarks": {
    "p_m": 1.9249809190175329,
    "p_n": 1.472926660030884,
    "pi_m": [
      0.337459978414553,
      0.337459978414553
    ],
    "pi_n": [
      0.22020400846622798,
      0.22020400846622798
    ],
    "static_cooperative_action": 13,
    "static_cooperative_price": 1.9314388370030566
  },
  "final_eval_avg_price_oracle": 1.6214393950896338,
  "final_eval_avg_price_victim": 1.6982336285458877,
  "final_eval_avg_profit_oracle": 0.3118353886189871,
  "final_eval_avg_profit_victim": 0.2458016962836846,
  "final_eval_distance_to_monopoly_price": 0.26514440719977217,
  "final_eval_distance_to_nash_price": 0.1869098517868768,
  "final_eval_market_price_mean": 1.6598365118177607,
  "final_eval_oracle_profit_gain": 0.78146451897623,
  "final_eval_profit_asymmetry": 0.06603369233530249,
  "final_eval_victim_profit_gain": 0.21830605152759022,
  "max_eval_profit_asymmetry": 0.12555073719751092,
  "mean_last_5_eval_profit_asymmetry": 0.08448867016066798,
  "oracle_kind": "dqn_regret",
  "seed": 8,
  "victim_kind": "adaptive_q"
}