{
  "benchmarks": {
    "p_m": 1.9249809190175329,
    "p_n": 1.472926660030884,
    "pi_m": [
      0.337459978414553,
      0.337459978414553
    ],
    "pi_n": [
      0.22020400846622798,
      0.22020400846622798
    ],
    "static_cooperative_action": 13,
    "static_cooperative_price": 1.9314388370030566
  },
  "final_eval_avg_price_oracle": 1.666466424743645,
  "final_eval_avg_price_victim": 1.9314388036727905,
  "final_eval_avg_profit_oracle": 0.4123546455889009,
  "final_eval_avg_profit_victim": 0.20078489304683173,
  "final_eval_distance_to_monopoly_price": 0.12602830480931515,
  "final_eval_distance_to_nash_price": 0.3260259541773338,
  "final_eval_market_price_mean": 1.7989526142082177,
  "final_eval_oracle_profit_gain": 1.6387279658967826,
  "final_eval_profit_asymmetry": 0.21156975254206917,
  "final_eval_victim_profit_gain": -0.16561302105090517,
  "max_eval_profit_asymmetry": 0.21172899684740695,
  "mean_last_5_eval_profit_asymmetry": 0.2115272445380222,
  "oracle_kind": "tabular_cfr",
  "seed": 4,
  "victim_kind": "static_cooperative"
}