{
  "benchmarks": {
    "p_m": 1.9249809190175329,
    "p_n": 1.472926660030884,
    "pi_m": [
      0.337459978414553,
      0.337459978414553
    ],
    "pi_n": [
      0.22020400846622798,
      0.22020400846622798
    ],
    "static_cooperative_action": 13,
    "static_cooperative_price": 1.9314388370030566
  },
  "final_eval_avg_price_oracle": 1.54396469808463,
  "final_eval_avg_price_victim": 1.698452794236131,
  "final_eval_avg_profit_oracle": 0.312400979043683,
  "final_eval_avg_profit_victim": 0.20937353648093995,
  "final_eval_distance_to_monopoly_price": 0.3037721728571525,
  "final_eval_distance_to_nash_price": 0.14828208612949645,
  "final_eval_market_price_mean": 1.6212087461603804,
  "final_eval_oracle_profit_gain": 0.7862880723095503,
  "final_eval_profit_asymmetry": 0.10302744256274307,
  "final_eval_victim_profit_gain": -0.09236606025314567,
  "max_eval_profit_asymmetry": 0.12594960051577075,
  "mean_last_5_eval_profit_asymmetry": 0.09943584823376732,
  "oracle_kind": "dqn_regret",
  "seed": 9,
  "victim_kind": "adaptive_q"
}