{
  "alpha_0": 0.03,
  "alpha_1": 0.15,
  "benchmarks": {
    "p_m": 1.9249809190175329,
    "p_n": 1.472926660030884,
    "pi_m": [
      0.337459978414553,
      0.337459978414553
    ],
    "pi_n": [
      0.22020400846622798,
      0.22020400846622798
    ]
  },
  "beta_0": 4e-06,
  "beta_1": 4e-06,
  "condition": "alpha_o0.03_v0.15",
  "converged": false,
  "delta_0": 0.95,
  "delta_1": 0.95,
  "detected_cycle_length": 4,
  "distance_to_monopoly_price": 0.32289008715018985,
  "distance_to_nash_price": 0.12916417183645912,
  "eval_periods": 10000,
  "final_avg_price_oracle": 1.602085019741127,
  "final_avg_price_victim": 1.6020966439935589,
  "final_avg_profit_oracle": 0.2707869117836324,
  "final_avg_profit_victim": 0.25767058778799895,
  "final_market_price_mean": 1.602090831867343,
  "final_profit_asymmetry": 0.01311632399563345,
  "final_profit_gain_oracle": 0.43138872451182164,
  "final_profit_gain_victim": 0.3195281173170337,
  "m": 15,
  "market_config": {
    "costs": null,
    "demand_scale": 1.0,
    "m": 15,
    "mu": 0.25,
    "n": 2,
    "outside_quality": 0.0,
    "qualities": null,
    "xi": 0.1
  },
  "max_periods": 100000,
  "periods_to_convergence": 100000,
  "seed": 5
}