{
  "benchmarks": {
    "p_m": 1.9249809190175329,
    "p_n": 1.472926660030884,
    "pi_m": [
      0.337459978414553,
      0.337459978414553
    ],
    "pi_n": [
      0.22020400846622798,
      0.22020400846622798
    ],
    "static_cooperative_action": 13,
    "static_cooperative_price": 1.9314388370030566
  },
  "final_eval_avg_price_oracle": 1.7377012968063354,
  "final_eval_avg_price_victim": 1.6986604567496106,
  "final_eval_avg_profit_oracle": 0.290897163170157,
  "final_eval_avg_profit_victim": 0.30069491748767907,
  "final_eval_distance_to_monopoly_price": 0.20680004223955972,
  "final_eval_distance_to_nash_price": 0.24525421674708925,
  "final_eval_market_price_mean": 1.7181808767779732,
  "final_eval_oracle_profit_gain": 0.602895995274984,
  "final_eval_profit_asymmetry": -0.009797754317522056,
  "final_eval_victim_profit_gain": 0.686454677377396,
  "max_eval_profit_asymmetry": 0.1257820890498697,
  "mean_last_5_eval_profit_asymmetry": 0.06144406621336238,
  "oracle_kind": "dqn_regret",
  "seed": 4,
  "victim_kind": "adaptive_q"
}