{
  "benchmarks": {
    "p_m": 1.9249809190175329,
    "p_n": 1.472926660030884,
    "pi_m": [
      0.337459978414553,
      0.337459978414553
    ],
    "pi_n": [
      0.22020400846622798,
      0.22020400846622798
    ],
    "static_cooperative_action": 13,
    "static_cooperative_price": 1.9314388370030566
  },
  "final_eval_avg_price_oracle": 1.4664686918258667,
  "final_eval_avg_price_victim": 1.6984564268412068,
  "final_eval_avg_profit_oracle": 0.30026902923488524,
  "final_eval_avg_profit_victim": 0.17459708133892854,
  "final_eval_distance_to_monopoly_price": 0.342518359683996,
  "final_eval_distance_to_nash_price": 0.10953589930265295,
  "final_eval_market_price_mean": 1.5824625593335369,
  "final_eval_oracle_profit_gain": 0.6828225531198293,
  "final_eval_profit_asymmetry": 0.1256719478959567,
  "final_eval_victim_profit_gain": -0.3889518559046377,
  "max_eval_profit_asymmetry": 0.1256719478959567,
  "mean_last_5_eval_profit_asymmetry": 0.0761461741465377,
  "oracle_kind": "actor_critic",
  "seed": 9,
  "victim_kind": "adaptive_q"
}