{
  "benchmarks": {
    "p_m": 1.9249809190175329,
    "p_n": 1.472926660030884,
    "pi_m": [
      0.337459978414553,
      0.337459978414553
    ],
    "pi_n": [
      0.22020400846622798,
      0.22020400846622798
    ],
    "static_cooperative_action": 13,
    "static_cooperative_price": 1.9314388370030566
  },
  "final_eval_avg_price_oracle": 1.4278847276978195,
  "final_eval_avg_price_victim": 1.6974526242166759,
  "final_eval_avg_profit_oracle": 0.2891225018692203,
  "final_eval_avg_profit_victim": 0.15848925542237702,
  "final_eval_distance_to_monopoly_price": 0.3623122430602852,
  "final_eval_distance_to_nash_price": 0.08974201592636377,
  "final_eval_market_price_mean": 1.5626686759572477,
  "final_eval_oracle_profit_gain": 0.5877610618322022,
  "final_eval_profit_asymmetry": 0.13063324644684327,
  "final_eval_victim_profit_gain": -0.5263250397489253,
  "max_eval_profit_asymmetry": 0.13063324644684327,
  "mean_last_5_eval_profit_asymmetry": 0.07911189142065123,
  "oracle_kind": "dqn_regret",
  "seed": 3,
  "victim_kind": "adaptive_q"
}