{
  "benchmarks": {
    "p_m": 1.9249809190175329,
    "p_n": 1.472926660030884,
    "pi_m": [
      0.337459978414553,
      0.337459978414553
    ],
    "pi_n": [
      0.22020400846622798,
      0.22020400846622798
    ],
    "static_cooperative_action": 13,
    "static_cooperative_price": 1.9314388370030566
  },
  "final_eval_avg_price_oracle": 1.5439746876768767,
  "final_eval_avg_price_victim": 1.6995910022184253,
  "final_eval_avg_profit_oracle": 0.3128537926898571,
  "final_eval_avg_profit_victim": 0.2091260962462984,
  "final_eval_distance_to_monopoly_price": 0.30319807406988186,
  "final_eval_distance_to_nash_price": 0.1488561849167671,
  "final_eval_market_price_mean": 1.621782844947651,
  "final_eval_oracle_profit_gain": 0.7901498257569323,
  "final_eval_profit_asymmetry": 0.10372769644355867,
  "final_eval_victim_profit_gain": -0.09447631728100182,
  "max_eval_profit_asymmetry": 0.12414220852404834,
  "mean_last_5_eval_profit_asymmetry": 0.03790537906629034,
  "oracle_kind": "dqn_jepa",
  "seed": 5,
  "victim_kind": "adaptive_q"
}