{
  "benchmarks": {
    "p_m": 1.9249809190175329,
    "p_n": 1.472926660030884,
    "pi_m": [
      0.337459978414553,
      0.337459978414553
    ],
    "pi_n": [
      0.22020400846622798,
      0.22020400846622798
    ],
    "static_cooperative_action": 13,
    "static_cooperative_price": 1.9314388370030566
  },
  "final_eval_avg_price_oracle": 1.5636193326311185,
  "final_eval_avg_price_victim": 1.6981164778741076,
  "final_eval_avg_profit_oracle": 0.31183449738973285,
  "final_eval_avg_profit_victim": 0.21869229773245752,
  "final_eval_distance_to_monopoly_price": 0.2941130137649197,
  "final_eval_distance_to_nash_price": 0.15794124522172925,
  "final_eval_market_price_mean": 1.6308679052526132,
  "final_eval_oracle_profit_gain": 0.7814569182608496,
  "final_eval_profit_asymmetry": 0.09314219965727533,
  "final_eval_victim_profit_gain": -0.01289239886409771,
  "max_eval_profit_asymmetry": 0.09314219965727533,
  "mean_last_5_eval_profit_asymmetry": 0.0927237868349999,
  "oracle_kind": "tabular_cfr",
  "seed": 6,
  "victim_kind": "adaptive_q"
}