{
  "alpha_0": 0.03,
  "alpha_1": 0.15,
  "benchmarks": {
    "p_m": 1.9249809190175329,
    "p_n": 1.472926660030884,
    "pi_m": [
      0.337459978414553,
      0.337459978414553
    ],
    "pi_n": [
      0.22020400846622798,
      0.22020400846622798
    ]
  },
  "beta_0": 4e-06,
  "beta_1": 4e-06,
  "condition": "alpha_o0.03_v0.15",
  "converged": false,
  "delta_0": 0.95,
  "delta_1": 0.95,
  "detected_cycle_length": 1,
  "distance_to_monopoly_price": 0.36164340718955046,
  "distance_to_nash_price": 0.09041085179709851,
  "eval_periods": 10000,
  "final_avg_price_oracle": 1.5827112657844986,
  "final_avg_price_victim": 1.5439637578714662,
  "final_avg_profit_oracle": 0.2473252430113931,
  "final_avg_profit_victim": 0.2695853642803742,
  "final_market_price_mean": 1.5633375118279824,
  "final_profit_asymmetry": -0.02226012126898111,
  "final_profit_gain_oracle": 0.23129939189550452,
  "final_profit_gain_victim": 0.42114150636346037,
  "m": 15,
  "market_config": {
    "costs": null,
    "demand_scale": 1.0,
    "m": 15,
    "mu": 0.25,
    "n": 2,
    "outside_quality": 0.0,
    "qualities": null,
    "xi": 0.1
  },
  "max_periods": 100000,
  "periods_to_convergence": 100000,
  "seed": 9
}