{
  "benchmarks": {
    "p_m": 1.9249809190175329,
    "p_n": 1.472926660030884,
    "pi_m": [
      0.337459978414553,
      0.337459978414553
    ],
    "pi_n": [
      0.22020400846622798,
      0.22020400846622798
    ],
    "static_cooperative_action": 13,
    "static_cooperative_price": 1.9314388370030566
  },
  "final_eval_avg_price_oracle": 1.5827057709218935,
  "final_eval_avg_price_victim": 1.6987140372479335,
  "final_eval_avg_profit_oracle": 0.31382875294180124,
  "final_eval_avg_profit_victim": 0.22739924913161666,
  "final_eval_distance_to_monopoly_price": 0.2842710149326195,
  "final_eval_distance_to_nash_price": 0.16778324405402945,
  "final_eval_market_price_mean": 1.6407099040849134,
  "final_eval_oracle_profit_gain": 0.7984646284264579,
  "final_eval_profit_asymmetry": 0.08642950381018458,
  "final_eval_victim_profit_gain": 0.06136353371653179,
  "max_eval_profit_asymmetry": 0.11644108074321413,
  "mean_last_5_eval_profit_asymmetry": 0.09082353626443074,
  "oracle_kind": "dqn_regret",
  "seed": 0,
  "victim_kind": "adaptive_q"
}