{
  "alpha_0": 0.15,
  "alpha_1": 0.15,
  "benchmarks": {
    "p_m": 1.9249809190175329,
    "p_n": 1.472926660030884,
    "pi_m": [
      0.337459978414553,
      0.337459978414553
    ],
    "pi_n": [
      0.22020400846622798,
      0.22020400846622798
    ]
  },
  "beta_0": 4e-06,
  "beta_1": 4e-06,
  "condition": "delta_o0.95_v0.70",
  "converged": false,
  "delta_0": 0.95,
  "delta_1": 0.7,
  "detected_cycle_length": 9,
  "distance_to_monopoly_price": 0.1636012132311322,
  "distance_to_nash_price": 0.2884530457555168,
  "eval_periods": 100000,
  "final_avg_price_oracle": 1.7893641246901226,
  "final_avg_price_victim": 1.733395286882679,
  "final_avg_profit_oracle": 0.28438137676504727,
  "final_avg_profit_victim": 0.3301794267499249,
  "final_market_price_mean": 1.7613797057864007,
  "final_profit_asymmetry": -0.04579804998487763,
  "final_profit_gain_oracle": 0.5473270855812493,
  "final_profit_gain_victim": 0.9379089041876788,
  "m": 15,
  "market_config": {
    "costs": null,
    "demand_scale": 1.0,
    "m": 15,
    "mu": 0.25,
    "n": 2,
    "outside_quality": 0.0,
    "qualities": null,
    "xi": 0.1
  },
  "max_periods": 10000000,
  "periods_to_convergence": 10000000,
  "seed": 16
}