{
  "alpha_0": 0.15,
  "alpha_1": 0.15,
  "benchmarks": {
    "p_m": 1.9249809190175329,
    "p_n": 1.472926660030884,
    "pi_m": [
      0.337459978414553,
      0.337459978414553
    ],
    "pi_n": [
      0.22020400846622798,
      0.22020400846622798
    ]
  },
  "beta_0": 4e-06,
  "beta_1": 4e-06,
  "condition": "delta_o0.95_v0.70",
  "converged": false,
  "delta_0": 0.95,
  "delta_1": 0.7,
  "detected_cycle_length": 2,
  "distance_to_monopoly_price": 0.3906827269951121,
  "distance_to_nash_price": 0.06137153199153689,
  "eval_periods": 10000,
  "final_avg_price_oracle": 1.5246210019210862,
  "final_avg_price_victim": 1.5439753821237554,
  "final_avg_profit_oracle": 0.25258237192784827,
  "final_avg_profit_victim": 0.2402534314598332,
  "final_market_price_mean": 1.5342981920224208,
  "final_profit_asymmetry": 0.012328940468015082,
  "final_profit_gain_oracle": 0.2761340294732073,
  "final_profit_gain_victim": 0.17098850491314888,
  "m": 15,
  "market_config": {
    "costs": null,
    "demand_scale": 1.0,
    "m": 15,
    "mu": 0.25,
    "n": 2,
    "outside_quality": 0.0,
    "qualities": null,
    "xi": 0.1
  },
  "max_periods": 100000,
  "periods_to_convergence": 100000,
  "seed": 5
}