{
  "alpha_0": 0.15,
  "alpha_1": 0.03,
  "benchmarks": {
    "p_m": 1.9249809190175329,
    "p_n": 1.472926660030884,
    "pi_m": [
      0.337459978414553,
      0.337459978414553
    ],
    "pi_n": [
      0.22020400846622798,
      0.22020400846622798
    ]
  },
  "beta_0": 4e-06,
  "beta_1": 4e-06,
  "condition": "alpha_o0.15_v0.03",
  "converged": false,
  "delta_0": 0.95,
  "delta_1": 0.95,
  "detected_cycle_length": 3,
  "distance_to_monopoly_price": 0.3035376443228768,
  "distance_to_nash_price": 0.1485166146637722,
  "eval_periods": 10000,
  "final_avg_price_oracle": 1.6731053269953204,
  "final_avg_price_victim": 1.5697812223939915,
  "final_avg_profit_oracle": 0.2378685756637205,
  "final_avg_profit_victim": 0.30461387245594207,
  "final_market_price_mean": 1.621443274694656,
  "final_profit_asymmetry": -0.06674529679222158,
  "final_profit_gain_oracle": 0.15064961899404636,
  "final_profit_gain_victim": 0.7198768986083499,
  "m": 15,
  "market_config": {
    "costs": null,
    "demand_scale": 1.0,
    "m": 15,
    "mu": 0.25,
    "n": 2,
    "outside_quality": 0.0,
    "qualities": null,
    "xi": 0.1
  },
  "max_periods": 100000,
  "periods_to_convergence": 100000,
  "seed": 3
}