{
  "alpha_0": 0.15,
  "alpha_1": 0.03,
  "benchmarks": {
    "p_m": 1.9249809190175329,
    "p_n": 1.472926660030884,
    "pi_m": [
      0.337459978414553,
      0.337459978414553
    ],
    "pi_n": [
      0.22020400846622798,
      0.22020400846622798
    ]
  },
  "beta_0": 4e-06,
  "beta_1": 4e-06,
  "condition": "alpha_o0.15_v0.03",
  "converged": false,
  "delta_0": 0.95,
  "delta_1": 0.95,
  "detected_cycle_length": 4,
  "distance_to_monopoly_price": 0.2841483913622538,
  "distance_to_nash_price": 0.1679058676243952,
  "eval_periods": 100000,
  "final_avg_price_oracle": 1.6408325276558695,
  "final_avg_price_victim": 1.6408325276546887,
  "final_avg_profit_oracle": 0.27530324557322644,
  "final_avg_profit_victim": 0.28162903704823583,
  "final_market_price_mean": 1.640832527655279,
  "final_profit_asymmetry": -0.00632579147500939,
  "final_profit_gain_oracle": 0.46990560166173906,
  "final_profit_gain_victim": 0.523854168014456,
  "m": 15,
  "market_config": {
    "costs": null,
    "demand_scale": 1.0,
    "m": 15,
    "mu": 0.25,
    "n": 2,
    "outside_quality": 0.0,
    "qualities": null,
    "xi": 0.1
  },
  "max_periods": 10000000,
  "periods_to_convergence": 10000000,
  "seed": 88
}