{
  "alpha_0": 0.15,
  "alpha_1": 0.15,
  "benchmarks": {
    "p_m": 1.9249809190175329,
    "p_n": 1.472926660030884,
    "pi_m": [
      0.337459978414553,
      0.337459978414553
    ],
    "pi_n": [
      0.22020400846622798,
      0.22020400846622798
    ]
  },
  "beta_0": 4e-06,
  "beta_1": 4e-06,
  "condition": "delta_o0.95_v0.70",
  "converged": false,
  "delta_0": 0.95,
  "delta_1": 0.7,
  "detected_cycle_length": 9,
  "distance_to_monopoly_price": 0.3444317641744654,
  "distance_to_nash_price": 0.10762249481218356,
  "eval_periods": 10000,
  "final_avg_price_oracle": 1.587004489661433,
  "final_avg_price_victim": 1.5740938200247019,
  "final_avg_profit_oracle": 0.2556520385691129,
  "final_avg_profit_victim": 0.2654244709660329,
  "final_market_price_mean": 1.5805491548430675,
  "final_profit_asymmetry": -0.009772432396919994,
  "final_profit_gain_oracle": 0.30231322224793283,
  "final_profit_gain_victim": 0.3856559501382631,
  "m": 15,
  "market_config": {
    "costs": null,
    "demand_scale": 1.0,
    "m": 15,
    "mu": 0.25,
    "n": 2,
    "outside_quality": 0.0,
    "qualities": null,
    "xi": 0.1
  },
  "max_periods": 100000,
  "periods_to_convergence": 100000,
  "seed": 1
}