{
  "alpha_0": 0.03,
  "alpha_1": 0.15,
  "benchmarks": {
    "p_m": 1.9249809190175329,
    "p_n": 1.472926660030884,
    "pi_m": [
      0.337459978414553,
      0.337459978414553
    ],
    "pi_n": [
      0.22020400846622798,
      0.22020400846622798
    ]
  },
  "beta_0": 4e-06,
  "beta_1": 4e-06,
  "condition": "alpha_o0.03_v0.15",
  "converged": false,
  "delta_0": 0.95,
  "delta_1": 0.95,
  "detected_cycle_length": 6,
  "distance_to_monopoly_price": 0.17113256634327678,
  "distance_to_nash_price": 0.2809216926433722,
  "eval_periods": 100000,
  "final_avg_price_oracle": 1.7506208790038547,
  "final_avg_price_victim": 1.7570758263446578,
  "final_avg_profit_oracle": 0.29854878643577243,
  "final_avg_profit_victim": 0.3054564948910505,
  "final_market_price_mean": 1.753848352674256,
  "final_profit_asymmetry": -0.00690770845527805,
  "final_profit_gain_oracle": 0.668151719729675,
  "final_profit_gain_victim": 0.7270630780027104,
  "m": 15,
  "market_config": {
    "costs": null,
    "demand_scale": 1.0,
    "m": 15,
    "mu": 0.25,
    "n": 2,
    "outside_quality": 0.0,
    "qualities": null,
    "xi": 0.1
  },
  "max_periods": 10000000,
  "periods_to_convergence": 10000000,
  "seed": 40
}