{
  "benchmarks": {
    "p_m": 1.9249809190175329,
    "p_n": 1.472926660030884,
    "pi_m": [
      0.337459978414553,
      0.337459978414553
    ],
    "pi_n": [
      0.22020400846622798,
      0.22020400846622798
    ],
    "static_cooperative_action": 13,
    "static_cooperative_price": 1.9314388370030566
  },
  "final_eval_avg_price_oracle": 1.5020456064725294,
  "final_eval_avg_price_victim": 1.6974614029238,
  "final_eval_avg_profit_oracle": 0.3068289017853094,
  "final_eval_avg_profit_victim": 0.19051697157061426,
  "final_eval_distance_to_monopoly_price": 0.3252274143193681,
  "final_eval_distance_to_nash_price": 0.1268268446672809,
  "final_eval_market_price_mean": 1.5997535046981648,
  "final_eval_oracle_profit_gain": 0.7387674449092633,
  "final_eval_profit_asymmetry": 0.11631193021469516,
  "final_eval_victim_profit_gain": -0.2531814534364167,
  "max_eval_profit_asymmetry": 0.12504210184299153,
  "mean_last_5_eval_profit_asymmetry": 0.10272907473308734,
  "oracle_kind": "dqn_jepa",
  "seed": 3,
  "victim_kind": "adaptive_q"
}