{
  "benchmarks": {
    "p_m": 1.9249809190175329,
    "p_n": 1.472926660030884,
    "pi_m": [
      0.337459978414553,
      0.337459978414553
    ],
    "pi_n": [
      0.22020400846622798,
      0.22020400846622798
    ],
    "static_cooperative_action": 13,
    "static_cooperative_price": 1.9314388370030566
  },
  "final_eval_avg_price_oracle": 1.776437342690304,
  "final_eval_avg_price_victim": 1.6983949757628143,
  "final_eval_avg_profit_oracle": 0.27933285481669007,
  "final_eval_avg_profit_victim": 0.3182556806689827,
  "final_eval_distance_to_monopoly_price": 0.18756475979097376,
  "final_eval_distance_to_nash_price": 0.2644894991956752,
  "final_eval_market_price_mean": 1.7374161592265591,
  "final_eval_oracle_profit_gain": 0.5042715213265501,
  "final_eval_profit_asymmetry": -0.03892282585229262,
  "final_eval_victim_profit_gain": 0.8362190193468726,
  "max_eval_profit_asymmetry": 0.12431626405473797,
  "mean_last_5_eval_profit_asymmetry": 0.06542519389297811,
  "oracle_kind": "dqn",
  "seed": 7,
  "victim_kind": "adaptive_q"
}