{
  "alpha_0": 0.03,
  "alpha_1": 0.15,
  "benchmarks": {
    "p_m": 1.9249809190175329,
    "p_n": 1.472926660030884,
    "pi_m": [
      0.337459978414553,
      0.337459978414553
    ],
    "pi_n": [
      0.22020400846622798,
      0.22020400846622798
    ]
  },
  "beta_0": 4e-06,
  "beta_1": 4e-06,
  "condition": "alpha_o0.03_v0.15",
  "converged": false,
  "delta_0": 0.95,
  "delta_1": 0.95,
  "detected_cycle_length": 1,
  "distance_to_monopoly_price": 0.14853211366709007,
  "distance_to_nash_price": 0.3035221453195589,
  "eval_periods": 100000,
  "final_avg_price_oracle": 1.7377012974378705,
  "final_avg_price_victim": 1.8151963132630151,
  "final_avg_profit_oracle": 0.35403750568699077,
  "final_avg_profit_victim": 0.2869513689513695,
  "final_market_price_mean": 1.7764488053504428,
  "final_profit_asymmetry": 0.06708613673562125,
  "final_profit_gain_oracle": 1.1413789615978063,
  "final_profit_gain_victim": 0.5692448795106745,
  "m": 15,
  "market_config": {
    "costs": null,
    "demand_scale": 1.0,
    "m": 15,
    "mu": 0.25,
    "n": 2,
    "outside_quality": 0.0,
    "qualities": null,
    "xi": 0.1
  },
  "max_periods": 10000000,
  "periods_to_convergence": 10000000,
  "seed": 38
}