{
  "benchmarks": {
    "p_m": 1.9249809190175329,
    "p_n": 1.472926660030884,
    "pi_m": [
      0.337459978414553,
      0.337459978414553
    ],
    "pi_n": [
      0.22020400846622798,
      0.22020400846622798
    ],
    "static_cooperative_action": 13,
    "static_cooperative_price": 1.9314388370030566
  },
  "final_eval_avg_price_oracle": 1.5052162408828735,
  "final_eval_avg_price_victim": 1.6985133372657002,
  "final_eval_avg_profit_oracle": 0.3079582675596466,
  "final_eval_avg_profit_victim": 0.1916536954957992,
  "final_eval_distance_to_monopoly_price": 0.3231161299432461,
  "final_eval_distance_to_nash_price": 0.12893812904340285,
  "final_eval_market_price_mean": 1.6018647890742868,
  "final_eval_oracle_profit_gain": 0.7483990719798075,
  "final_eval_profit_asymmetry": 0.11630457206384742,
  "final_eval_victim_profit_gain": -0.24348707347703472,
  "max_eval_profit_asymmetry": 0.1257095132875838,
  "mean_last_5_eval_profit_asymmetry": 0.10220540813753613,
  "oracle_kind": "dqn_jepa",
  "seed": 2,
  "victim_kind": "adaptive_q"
}