{
  "benchmarks": {
    "p_m": 1.9249809190175329,
    "p_n": 1.472926660030884,
    "pi_m": [
      0.337459978414553,
      0.337459978414553
    ],
    "pi_n": [
      0.22020400846622798,
      0.22020400846622798
    ],
    "static_cooperative_action": 13,
    "static_cooperative_price": 1.9314388370030566
  },
  "final_eval_avg_price_oracle": 1.792410318514332,
  "final_eval_avg_price_victim": 1.6988702380862086,
  "final_eval_avg_profit_oracle": 0.27319402711093427,
  "final_eval_avg_profit_victim": 0.3247856240059482,
  "final_eval_distance_to_monopoly_price": 0.17934064071726263,
  "final_eval_distance_to_nash_price": 0.27271361826938634,
  "final_eval_market_price_mean": 1.7456402783002702,
  "final_eval_oracle_profit_gain": 0.45191744751298474,
  "final_eval_profit_asymmetry": -0.051591596895013914,
  "final_eval_victim_profit_gain": 0.891908664316278,
  "max_eval_profit_asymmetry": 0.1313559635207639,
  "mean_last_5_eval_profit_asymmetry": 0.07252444324685493,
  "oracle_kind": "dqn",
  "seed": 1,
  "victim_kind": "adaptive_q"
}