{
  "benchmarks": {
    "p_m": 1.9249809190175329,
    "p_n": 1.472926660030884,
    "pi_m": [
      0.337459978414553,
      0.337459978414553
    ],
    "pi_n": [
      0.22020400846622798,
      0.22020400846622798
    ],
    "static_cooperative_action": 13,
    "static_cooperative_price": 1.9314388370030566
  },
  "final_eval_avg_price_oracle": 1.5640110606336965,
  "final_eval_avg_price_victim": 1.698369547695853,
  "final_eval_avg_profit_oracle": 0.30770773980906235,
  "final_eval_avg_profit_victim": 0.21928193100000498,
  "final_eval_distance_to_monopoly_price": 0.29379061485275804,
  "final_eval_distance_to_nash_price": 0.15826364413389093,
  "final_eval_market_price_mean": 1.6311903041647748,
  "final_eval_oracle_profit_gain": 0.7462624835340791,
  "final_eval_profit_asymmetry": 0.08842580880905737,
  "final_eval_victim_profit_gain": -0.00786379974196077,
  "max_eval_profit_asymmetry": 0.12062637395679485,
  "mean_last_5_eval_profit_asymmetry": 0.09549789697516244,
  "oracle_kind": "dqn_regret",
  "seed": 7,
  "victim_kind": "adaptive_q"
}