{
  "alpha_0": 0.15,
  "alpha_1": 0.03,
  "benchmarks": {
    "p_m": 1.9249809190175329,
    "p_n": 1.472926660030884,
    "pi_m": [
      0.337459978414553,
      0.337459978414553
    ],
    "pi_n": [
      0.22020400846622798,
      0.22020400846622798
    ]
  },
  "beta_0": 4e-06,
  "beta_1": 4e-06,
  "condition": "alpha_o0.15_v0.03",
  "converged": false,
  "delta_0": 0.95,
  "delta_1": 0.95,
  "detected_cycle_length": 2,
  "distance_to_monopoly_price": 0.1388452366880215,
  "distance_to_nash_price": 0.31320902229862746,
  "eval_periods": 100000,
  "final_avg_price_oracle": 1.7958225593082293,
  "final_avg_price_victim": 1.7764488053507934,
  "final_avg_profit_oracle": 0.31173545172893563,
  "final_avg_profit_victim": 0.317230032574675,
  "final_market_price_mean": 1.7861356823295114,
  "final_profit_asymmetry": -0.005494580845739394,
  "final_profit_gain_oracle": 0.7806122221584605,
  "final_profit_gain_victim": 0.8274719329958776,
  "m": 15,
  "market_config": {
    "costs": null,
    "demand_scale": 1.0,
    "m": 15,
    "mu": 0.25,
    "n": 2,
    "outside_quality": 0.0,
    "qualities": null,
    "xi": 0.1
  },
  "max_periods": 10000000,
  "periods_to_convergence": 10000000,
  "seed": 87
}