{
  "benchmarks": {
    "p_m": 1.9249809190175329,
    "p_n": 1.472926660030884,
    "pi_m": [
      0.337459978414553,
      0.337459978414553
    ],
    "pi_n": [
      0.22020400846622798,
      0.22020400846622798
    ],
    "static_cooperative_action": 13,
    "static_cooperative_price": 1.9314388370030566
  },
  "final_eval_avg_price_oracle": 1.6665127400532365,
  "final_eval_avg_price_victim": 1.9314388036727905,
  "final_eval_avg_profit_oracle": 0.4123486287984997,
  "final_eval_avg_profit_victim": 0.20080920735065594,
  "final_eval_distance_to_monopoly_price": 0.12600514715451938,
  "final_eval_distance_to_nash_price": 0.3260491118321296,
  "final_eval_market_price_mean": 1.7989757718630135,
  "final_eval_oracle_profit_gain": 1.638676652599866,
  "final_eval_profit_asymmetry": 0.21153942144784377,
  "final_eval_victim_profit_gain": -0.1654056601477893,
  "max_eval_profit_asymmetry": 0.2116670797773986,
  "mean_last_5_eval_profit_asymmetry": 0.21147445378632984,
  "oracle_kind": "tabular_cfr",
  "seed": 7,
  "victim_kind": "static_cooperative"
}