{
  "benchmarks": {
    "p_m": 1.9249809190175329,
    "p_n": 1.472926660030884,
    "pi_m": [
      0.337459978414553,
      0.337459978414553
    ],
    "pi_n": [
      0.22020400846622798,
      0.22020400846622798
    ]
  },
  "final_eval_avg_price_oracle": 1.6214587688446045,
  "final_eval_avg_price_victim": 1.6974583757147192,
  "final_eval_avg_profit_oracle": 0.31150462378538213,
  "final_eval_avg_profit_victim": 0.24600672362174372,
  "final_eval_distance_to_monopoly_price": 0.2655223467378711,
  "final_eval_distance_to_nash_price": 0.18653191224877785,
  "final_eval_market_price_mean": 1.6594585722796618,
  "final_eval_oracle_profit_gain": 0.7786436405702033,
  "final_eval_profit_asymmetry": 0.0654979001636384,
  "final_eval_victim_profit_gain": 0.22005459651126558,
  "max_eval_profit_asymmetry": 0.0654979001636384,
  "mean_last_5_eval_profit_asymmetry": 0.0654979001636384,
  "oracle_kind": "actor_critic",
  "seed": 3
}