{
  "benchmarks": {
    "p_m": 1.9249809190175329,
    "p_n": 1.472926660030884,
    "pi_m": [
      0.337459978414553,
      0.337459978414553
    ],
    "pi_n": [
      0.22020400846622798,
      0.22020400846622798
    ],
    "static_cooperative_action": 13,
    "static_cooperative_price": 1.9314388370030566
  },
  "final_eval_avg_price_oracle": 1.5827112197875977,
  "final_eval_avg_price_victim": 1.9314388036727905,
  "final_eval_avg_profit_oracle": 0.40571388602256775,
  "final_eval_avg_profit_victim": 0.16073815524578094,
  "final_eval_distance_to_monopoly_price": 0.16790590728733878,
  "final_eval_distance_to_nash_price": 0.2841483516993102,
  "final_eval_market_price_mean": 1.757075011730194,
  "final_eval_oracle_profit_gain": 1.5820932412916324,
  "final_eval_profit_asymmetry": 0.2449757307767868,
  "final_eval_victim_profit_gain": -0.5071456340061301,
  "max_eval_profit_asymmetry": 0.2449757307767868,
  "mean_last_5_eval_profit_asymmetry": 0.2223152957199374,
  "oracle_kind": "dqn",
  "seed": 3,
  "victim_kind": "static_cooperative"
}