{
  "benchmarks": {
    "p_m": 1.9249809190175329,
    "p_n": 1.472926660030884,
    "pi_m": [
      0.337459978414553,
      0.337459978414553
    ],
    "pi_n": [
      0.22020400846622798,
      0.22020400846622798
    ],
    "static_cooperative_action": 13,
    "static_cooperative_price": 1.9314388370030566
  },
  "final_eval_avg_price_oracle": 1.583621483660303,
  "final_eval_avg_price_victim": 1.6980968014691025,
  "final_eval_avg_profit_oracle": 0.3133677516236203,
  "final_eval_avg_profit_victim": 0.22793602788186398,
  "final_eval_distance_to_monopoly_price": 0.2841217764528301,
  "final_eval_distance_to_nash_price": 0.16793248253381887,
  "final_eval_market_price_mean": 1.6408591425647028,
  "final_eval_oracle_profit_gain": 0.7945330476431162,
  "final_eval_profit_asymmetry": 0.08543172374175631,
  "final_eval_victim_profit_gain": 0.06594137099410395,
  "max_eval_profit_asymmetry": 0.11605295494518944,
  "mean_last_5_eval_profit_asymmetry": 0.07876978106495225,
  "oracle_kind": "dqn_jepa",
  "seed": 6,
  "victim_kind": "adaptive_q"
}