{
  "alpha_0": 0.03,
  "alpha_1": 0.15,
  "benchmarks": {
    "p_m": 1.9249809190175329,
    "p_n": 1.472926660030884,
    "pi_m": [
      0.337459978414553,
      0.337459978414553
    ],
    "pi_n": [
      0.22020400846622798,
      0.22020400846622798
    ]
  },
  "beta_0": 4e-06,
  "beta_1": 4e-06,
  "condition": "alpha_o0.03_v0.15",
  "converged": false,
  "delta_0": 0.95,
  "delta_1": 0.95,
  "detected_cycle_length": 7,
  "distance_to_monopoly_price": 0.17620693998061832,
  "distance_to_nash_price": 0.27584731900603066,
  "eval_periods": 100000,
  "final_avg_price_oracle": 1.7100274398108537,
  "final_avg_price_victim": 1.7875205182629754,
  "final_avg_profit_oracle": 0.32465761658221004,
  "final_avg_profit_victim": 0.2760549145126287,
  "final_market_price_mean": 1.7487739790369146,
  "final_profit_asymmetry": 0.04860270206958134,
  "final_profit_gain_oracle": 0.8908169721508851,
  "final_profit_gain_victim": 0.4763160977732251,
  "m": 15,
  "market_config": {
    "costs": null,
    "demand_scale": 1.0,
    "m": 15,
    "mu": 0.25,
    "n": 2,
    "outside_quality": 0.0,
    "qualities": null,
    "xi": 0.1
  },
  "max_periods": 10000000,
  "periods_to_convergence": 10000000,
  "seed": 4
}