{
  "alpha_0": 0.15,
  "alpha_1": 0.03,
  "benchmarks": {
    "p_m": 1.9249809190175329,
    "p_n": 1.472926660030884,
    "pi_m": [
      0.337459978414553,
      0.337459978414553
    ],
    "pi_n": [
      0.22020400846622798,
      0.22020400846622798
    ]
  },
  "beta_0": 4e-06,
  "beta_1": 4e-06,
  "condition": "alpha_o0.15_v0.03",
  "converged": false,
  "delta_0": 0.95,
  "delta_1": 0.95,
  "detected_cycle_length": 7,
  "distance_to_monopoly_price": 0.2620067091791234,
  "distance_to_nash_price": 0.19004754980752558,
  "eval_periods": 100000,
  "final_avg_price_oracle": 1.6602058941354179,
  "final_avg_price_victim": 1.6657425255414013,
  "final_avg_profit_oracle": 0.28954980811845593,
  "final_avg_profit_victim": 0.2820581873966625,
  "final_market_price_mean": 1.6629742098384095,
  "final_profit_asymmetry": 0.007491620721793435,
  "final_profit_gain_oracle": 0.5914052792603124,
  "final_profit_gain_victim": 0.5275141125666676,
  "m": 15,
  "market_config": {
    "costs": null,
    "demand_scale": 1.0,
    "m": 15,
    "mu": 0.25,
    "n": 2,
    "outside_quality": 0.0,
    "qualities": null,
    "xi": 0.1
  },
  "max_periods": 10000000,
  "periods_to_convergence": 10000000,
  "seed": 67
}