{
  "benchmarks": {
    "p_m": 1.9249809190175329,
    "p_n": 1.472926660030884,
    "pi_m": [
      0.337459978414553,
      0.337459978414553
    ],
    "pi_n": [
      0.22020400846622798,
      0.22020400846622798
    ],
    "static_cooperative_action": 13,
    "static_cooperative_price": 1.9314388370030566
  },
  "final_eval_avg_price_oracle": 1.5439637899398804,
  "final_eval_avg_price_victim": 1.6982342340275645,
  "final_eval_avg_profit_oracle": 0.3122783792177215,
  "final_eval_avg_profit_victim": 0.20936625441396609,
  "final_eval_distance_to_monopoly_price": 0.30388190703381035,
  "final_eval_distance_to_nash_price": 0.14817235195283862,
  "final_eval_market_price_mean": 1.6210990119837225,
  "final_eval_oracle_profit_gain": 0.7852424980329011,
  "final_eval_profit_asymmetry": 0.10291212480375542,
  "final_eval_victim_profit_gain": -0.09242816427204617,
  "max_eval_profit_asymmetry": 0.13102609787479744,
  "mean_last_5_eval_profit_asymmetry": 0.10042872875877655,
  "oracle_kind": "dqn",
  "seed": 8,
  "victim_kind": "adaptive_q"
}