{
  "benchmarks": {
    "p_m": 1.9249809190175329,
    "p_n": 1.472926660030884,
    "pi_m": [
      0.337459978414553,
      0.337459978414553
    ],
    "pi_n": [
      0.22020400846622798,
      0.22020400846622798
    ],
    "static_cooperative_action": 13,
    "static_cooperative_price": 1.9314388370030566
  },
  "final_eval_avg_price_oracle": 1.5827112197875977,
  "final_eval_avg_price_victim": 1.6995897913379594,
  "final_eval_avg_profit_oracle": 0.3141890226866817,
  "final_eval_avg_profit_victim": 0.22723476538888646,
  "final_eval_distance_to_monopoly_price": 0.28383041345475446,
  "final_eval_distance_to_nash_price": 0.1682238455318945,
  "final_eval_market_price_mean": 1.6411505055627784,
  "final_eval_oracle_profit_gain": 0.8015371350548133,
  "final_eval_profit_asymmetry": 0.08695425729779524,
  "final_eval_victim_profit_gain": 0.05996075872091585,
  "max_eval_profit_asymmetry": 0.08695425729779524,
  "mean_last_5_eval_profit_asymmetry": 0.08695425729779524,
  "oracle_kind": "actor_critic",
  "seed": 5,
  "victim_kind": "adaptive_q"
}