{
  "alpha_0": 0.03,
  "alpha_1": 0.15,
  "benchmarks": {
    "p_m": 1.9249809190175329,
    "p_n": 1.472926660030884,
    "pi_m": [
      0.337459978414553,
      0.337459978414553
    ],
    "pi_n": [
      0.22020400846622798,
      0.22020400846622798
    ]
  },
  "beta_0": 4e-06,
  "beta_1": 4e-06,
  "condition": "alpha_o0.03_v0.15",
  "converged": false,
  "delta_0": 0.95,
  "delta_1": 0.95,
  "detected_cycle_length": 2,
  "distance_to_monopoly_price": 0.24540088344951472,
  "distance_to_nash_price": 0.20665337553713425,
  "eval_periods": 100000,
  "final_avg_price_oracle": 1.6989537895236662,
  "final_avg_price_victim": 1.6602062816123702,
  "final_avg_profit_oracle": 0.28264537661935596,
  "final_avg_profit_victim": 0.31171497990306035,
  "final_market_price_mean": 1.6795800355680182,
  "final_profit_asymmetry": -0.029069603283704393,
  "final_profit_gain_oracle": 0.5325218680178591,
  "final_profit_gain_victim": 0.780437631253756,
  "m": 15,
  "market_config": {
    "costs": null,
    "demand_scale": 1.0,
    "m": 15,
    "mu": 0.25,
    "n": 2,
    "outside_quality": 0.0,
    "qualities": null,
    "xi": 0.1
  },
  "max_periods": 10000000,
  "periods_to_convergence": 10000000,
  "seed": 67
}