{
  "benchmarks": {
    "p_m": 1.9249809190175329,
    "p_n": 1.472926660030884,
    "pi_m": [
      0.337459978414553,
      0.337459978414553
    ],
    "pi_n": [
      0.22020400846622798,
      0.22020400846622798
    ],
    "static_cooperative_action": 13,
    "static_cooperative_price": 1.9314388370030566
  },
  "final_eval_avg_price_oracle": 1.563646576923318,
  "final_eval_avg_price_victim": 1.698527262058109,
  "final_eval_avg_profit_oracle": 0.3120610298032407,
  "final_eval_avg_profit_victim": 0.21863503661338474,
  "final_eval_distance_to_monopoly_price": 0.29389399952681927,
  "final_eval_distance_to_nash_price": 0.1581602594598297,
  "final_eval_market_price_mean": 1.6310869194907136,
  "final_eval_oracle_profit_gain": 0.7833888660636581,
  "final_eval_profit_asymmetry": 0.09342599318985595,
  "final_eval_victim_profit_gain": -0.013380741752720074,
  "max_eval_profit_asymmetry": 0.09342599318985595,
  "mean_last_5_eval_profit_asymmetry": 0.09301016292283312,
  "oracle_kind": "tabular_cfr",
  "seed": 2,
  "victim_kind": "adaptive_q"
}