{
  "alpha_0": 0.15,
  "alpha_1": 0.15,
  "benchmarks": {
    "p_m": 1.9249809190175329,
    "p_n": 1.472926660030884,
    "pi_m": [
      0.337459978414553,
      0.337459978414553
    ],
    "pi_n": [
      0.22020400846622798,
      0.22020400846622798
    ]
  },
  "beta_0": 4e-06,
  "beta_1": 4e-06,
  "condition": "delta_o0.70_v0.95",
  "converged": false,
  "delta_0": 0.7,
  "delta_1": 0.95,
  "detected_cycle_length": 2,
  "distance_to_monopoly_price": 0.361651156691134,
  "distance_to_nash_price": 0.09040310229551496,
  "eval_periods": 10000,
  "final_avg_price_oracle": 1.524605502917921,
  "final_avg_price_victim": 1.6020540217348767,
  "final_avg_profit_oracle": 0.2775306035370012,
  "final_avg_profit_victim": 0.23371710432452755,
  "final_market_price_mean": 1.5633297623263989,
  "final_profit_asymmetry": 0.043813499212473656,
  "final_profit_gain_oracle": 0.48890129087702056,
  "final_profit_gain_victim": 0.11524441667451837,
  "m": 15,
  "market_config": {
    "costs": null,
    "demand_scale": 1.0,
    "m": 15,
    "mu": 0.25,
    "n": 2,
    "outside_quality": 0.0,
    "qualities": null,
    "xi": 0.1
  },
  "max_periods": 100000,
  "periods_to_convergence": 100000,
  "seed": 5
}