{
  "benchmarks": {
    "p_m": 1.9249809190175329,
    "p_n": 1.472926660030884,
    "pi_m": [
      0.337459978414553,
      0.337459978414553
    ],
    "pi_n": [
      0.22020400846622798,
      0.22020400846622798
    ],
    "static_cooperative_action": 13,
    "static_cooperative_price": 1.9314388370030566
  },
  "final_eval_avg_price_oracle": 1.6665178862903267,
  "final_eval_avg_price_victim": 1.9314388036727905,
  "final_eval_avg_profit_oracle": 0.4123604476826731,
  "final_eval_avg_profit_victim": 0.2008094095143024,
  "final_eval_distance_to_monopoly_price": 0.12600257403597426,
  "final_eval_distance_to_nash_price": 0.3260516849506747,
  "final_eval_market_price_mean": 1.7989783449815586,
  "final_eval_oracle_profit_gain": 1.638777448185614,
  "final_eval_profit_asymmetry": 0.2115510381683707,
  "final_eval_victim_profit_gain": -0.16540393602537104,
  "max_eval_profit_asymmetry": 0.21171411131252535,
  "mean_last_5_eval_profit_asymmetry": 0.21149161573925518,
  "oracle_kind": "tabular_cfr",
  "seed": 5,
  "victim_kind": "static_cooperative"
}