{
  "benchmarks": {
    "p_m": 1.9249809190175329,
    "p_n": 1.472926660030884,
    "pi_m": [
      0.337459978414553,
      0.337459978414553
    ],
    "pi_n": [
      0.22020400846622798,
      0.22020400846622798
    ],
    "static_cooperative_action": 13,
    "static_cooperative_price": 1.9314388370030566
  },
  "final_eval_avg_price_oracle": 1.9314388036727905,
  "final_eval_avg_price_victim": 1.9314388036727905,
  "final_eval_avg_profit_oracle": 0.3374599814414978,
  "final_eval_avg_profit_victim": 0.3374599814414978,
  "final_eval_distance_to_monopoly_price": 0.006457884655257651,
  "final_eval_distance_to_nash_price": 0.4585121436419066,
  "final_eval_market_price_mean": 1.9314388036727905,
  "final_eval_oracle_profit_gain": 1.000000025814846,
  "final_eval_profit_asymmetry": 0.0,
  "final_eval_victim_profit_gain": 1.000000025814846,
  "max_eval_profit_asymmetry": 0.233131231115316,
  "mean_last_5_eval_profit_asymmetry": 0.1766003563915845,
  "oracle_kind": "dqn",
  "seed": 5,
  "victim_kind": "static_cooperative"
}