{
  "benchmarks": {
    "p_m": 1.9249809190175329,
    "p_n": 1.472926660030884,
    "pi_m": [
      0.337459978414553,
      0.337459978414553
    ],
    "pi_n": [
      0.22020400846622798,
      0.22020400846622798
    ],
    "static_cooperative_action": 13,
    "static_cooperative_price": 1.9314388370030566
  },
  "final_eval_avg_price_oracle": 1.5052162408828735,
  "final_eval_avg_price_victim": 1.6984546105405316,
  "final_eval_avg_profit_oracle": 0.30794585808098784,
  "final_eval_avg_profit_victim": 0.1916930878664716,
  "final_eval_distance_to_monopoly_price": 0.3231454933058302,
  "final_eval_distance_to_nash_price": 0.12890876568081877,
  "final_eval_market_price_mean": 1.6018354257117027,
  "final_eval_oracle_profit_gain": 0.7482932395973348,
  "final_eval_profit_asymmetry": 0.11625277021451624,
  "final_eval_victim_profit_gain": -0.24315112153625276,
  "max_eval_profit_asymmetry": 0.1256719478959567,
  "mean_last_5_eval_profit_asymmetry": 0.09012998240540038,
  "oracle_kind": "dqn_jepa",
  "seed": 9,
  "victim_kind": "adaptive_q"
}