{
  "alpha_0": 0.15,
  "alpha_1": 0.03,
  "benchmarks": {
    "p_m": 1.9249809190175329,
    "p_n": 1.472926660030884,
    "pi_m": [
      0.337459978414553,
      0.337459978414553
    ],
    "pi_n": [
      0.22020400846622798,
      0.22020400846622798
    ]
  },
  "beta_0": 4e-06,
  "beta_1": 4e-06,
  "condition": "alpha_o0.15_v0.03",
  "converged": false,
  "delta_0": 0.95,
  "delta_1": 0.95,
  "detected_cycle_length": 10,
  "distance_to_monopoly_price": 0.35583128100256634,
  "distance_to_nash_price": 0.09622297798408264,
  "eval_periods": 10000,
  "final_avg_price_oracle": 1.5749617642019411,
  "final_avg_price_victim": 1.563337511827992,
  "final_avg_profit_oracle": 0.2510612235570197,
  "final_avg_profit_victim": 0.26218067701600567,
  "final_market_price_mean": 1.5691496380149665,
  "final_profit_asymmetry": -0.011119453458985962,
  "final_profit_gain_oracle": 0.2631611431331861,
  "final_profit_gain_victim": 0.35799173865754474,
  "m": 15,
  "market_config": {
    "costs": null,
    "demand_scale": 1.0,
    "m": 15,
    "mu": 0.25,
    "n": 2,
    "outside_quality": 0.0,
    "qualities": null,
    "xi": 0.1
  },
  "max_periods": 100000,
  "periods_to_convergence": 100000,
  "seed": 6
}