{
  "benchmarks": {
    "p_m": 1.9249809190175329,
    "p_n": 1.472926660030884,
    "pi_m": [
      0.337459978414553,
      0.337459978414553
    ],
    "pi_n": [
      0.22020400846622798,
      0.22020400846622798
    ],
    "static_cooperative_action": 13,
    "static_cooperative_price": 1.9314388370030566
  },
  "final_eval_avg_price_oracle": 1.5827112197875977,
  "final_eval_avg_price_victim": 1.6983619798375293,
  "final_eval_avg_profit_oracle": 0.3136864498092327,
  "final_eval_avg_profit_victim": 0.227530478760018,
  "final_eval_distance_to_monopoly_price": 0.28444431920496926,
  "final_eval_distance_to_nash_price": 0.1676099397816797,
  "final_eval_market_price_mean": 1.6405365998125636,
  "final_eval_oracle_profit_gain": 0.797251017446725,
  "final_eval_profit_asymmetry": 0.08615597104921471,
  "final_eval_victim_profit_gain": 0.062482705972402214,
  "max_eval_profit_asymmetry": 0.10297479065763765,
  "mean_last_5_eval_profit_asymmetry": 0.08615597104921471,
  "oracle_kind": "actor_critic",
  "seed": 7,
  "victim_kind": "adaptive_q"
}