{
  "benchmarks": {
    "p_m": 1.9249809190175329,
    "p_n": 1.472926660030884,
    "pi_m": [
      0.337459978414553,
      0.337459978414553
    ],
    "pi_n": [
      0.22020400846622798,
      0.22020400846622798
    ],
    "static_cooperative_action": 13,
    "static_cooperative_price": 1.9314388370030566
  },
  "final_eval_avg_price_oracle": 1.666356841915287,
  "final_eval_avg_price_victim": 1.9314388036727905,
  "final_eval_avg_profit_oracle": 0.4123579707199242,
  "final_eval_avg_profit_victim": 0.20073003766505282,
  "final_eval_distance_to_monopoly_price": 0.126083096223494,
  "final_eval_distance_to_nash_price": 0.32597116276315496,
  "final_eval_market_price_mean": 1.7988978227940389,
  "final_eval_oracle_profit_gain": 1.638756323779326,
  "final_eval_profit_asymmetry": 0.21162793305487138,
  "final_eval_victim_profit_gain": -0.16608084696887832,
  "max_eval_profit_asymmetry": 0.21184330666711318,
  "mean_last_5_eval_profit_asymmetry": 0.21162252492703262,
  "oracle_kind": "tabular_cfr",
  "seed": 9,
  "victim_kind": "static_cooperative"
}