{
  "alpha_0": 0.15,
  "alpha_1": 0.15,
  "benchmarks": {
    "p_m": 1.9249809190175329,
    "p_n": 1.472926660030884,
    "pi_m": [
      0.337459978414553,
      0.337459978414553
    ],
    "pi_n": [
      0.22020400846622798,
      0.22020400846622798
    ]
  },
  "beta_0": 4e-06,
  "beta_1": 4e-06,
  "condition": "delta_o0.95_v0.70",
  "converged": false,
  "delta_0": 0.95,
  "delta_1": 0.7,
  "detected_cycle_length": 3,
  "distance_to_monopoly_price": 0.18727787794081108,
  "distance_to_nash_price": 0.2647763810458379,
  "eval_periods": 100000,
  "final_avg_price_oracle": 1.711872208663719,
  "final_avg_price_victim": 1.7635338734897246,
  "final_avg_profit_oracle": 0.3016739063261268,
  "final_avg_profit_victim": 0.28508464433980424,
  "final_market_price_mean": 1.7377030410767218,
  "final_profit_asymmetry": 0.016589261986322545,
  "final_profit_gain_oracle": 0.6948038372443022,
  "final_profit_gain_victim": 0.5533247978944638,
  "m": 15,
  "market_config": {
    "costs": null,
    "demand_scale": 1.0,
    "m": 15,
    "mu": 0.25,
    "n": 2,
    "outside_quality": 0.0,
    "qualities": null,
    "xi": 0.1
  },
  "max_periods": 10000000,
  "periods_to_convergence": 10000000,
  "seed": 66
}