{
  "benchmarks": {
    "p_m": 1.9249809190175329,
    "p_n": 1.472926660030884,
    "pi_m": [
      0.337459978414553,
      0.337459978414553
    ],
    "pi_n": [
      0.22020400846622798,
      0.22020400846622798
    ],
    "static_cooperative_action": 13,
    "static_cooperative_price": 1.9314388370030566
  },
  "final_eval_avg_price_oracle": 1.7376761858873069,
  "final_eval_avg_price_victim": 1.6985384625475854,
  "final_eval_avg_profit_oracle": 0.2750682789901039,
  "final_eval_avg_profit_victim": 0.29810014214238617,
  "final_eval_distance_to_monopoly_price": 0.20687359480008682,
  "final_eval_distance_to_nash_price": 0.24518066418656215,
  "final_eval_market_price_mean": 1.718107324217446,
  "final_eval_oracle_profit_gain": 0.4679017243049946,
  "final_eval_profit_asymmetry": -0.023031863152282284,
  "final_eval_victim_profit_gain": 0.6643255239838722,
  "max_eval_profit_asymmetry": 0.12571620249853008,
  "mean_last_5_eval_profit_asymmetry": 0.06916963642823974,
  "oracle_kind": "dqn",
  "seed": 2,
  "victim_kind": "adaptive_q"
}