{
  "benchmarks": {
    "p_m": 1.9249809190175329,
    "p_n": 1.472926660030884,
    "pi_m": [
      0.337459978414553,
      0.337459978414553
    ],
    "pi_n": [
      0.22020400846622798,
      0.22020400846622798
    ],
    "static_cooperative_action": 13,
    "static_cooperative_price": 1.9314388370030566
  },
  "final_eval_avg_price_oracle": 1.659883926184848,
  "final_eval_avg_price_victim": 1.9314388036727905,
  "final_eval_avg_profit_oracle": 0.41394135174923574,
  "final_eval_avg_profit_victim": 0.19721213330700993,
  "final_eval_distance_to_monopoly_price": 0.12931955408871376,
  "final_eval_distance_to_nash_price": 0.3227347048979352,
  "final_eval_market_price_mean": 1.7956613649288191,
  "final_eval_oracle_profit_gain": 1.652259952038163,
  "final_eval_profit_asymmetry": 0.2167292184422258,
  "final_eval_victim_profit_gain": -0.196082768061623,
  "max_eval_profit_asymmetry": 0.25206744741124565,
  "mean_last_5_eval_profit_asymmetry": 0.2237409052818315,
  "oracle_kind": "dqn",
  "seed": 0,
  "victim_kind": "static_cooperative"
}