{
  "alpha_0": 0.15,
  "alpha_1": 0.15,
  "benchmarks": {
    "p_m": 1.9249809190175329,
    "p_n": 1.472926660030884,
    "pi_m": [
      0.337459978414553,
      0.337459978414553
    ],
    "pi_n": [
      0.22020400846622798,
      0.22020400846622798
    ]
  },
  "beta_0": 4e-06,
  "beta_1": 4e-06,
  "condition": "delta_o0.95_v0.70",
  "converged": false,
  "delta_0": 0.95,
  "delta_1": 0.7,
  "detected_cycle_length": 3,
  "distance_to_monopoly_price": 0.2970639044380614,
  "distance_to_nash_price": 0.15499035454858756,
  "eval_periods": 100000,
  "final_avg_price_oracle": 1.6343748679860328,
  "final_avg_price_victim": 1.62145916117291,
  "final_avg_profit_oracle": 0.27393370146308743,
  "final_avg_profit_victim": 0.2843166661216673,
  "final_market_price_mean": 1.6279170145794715,
  "final_profit_asymmetry": -0.010382964658579852,
  "final_profit_gain_oracle": 0.4582256495813241,
  "final_profit_gain_victim": 0.5467752105389082,
  "m": 15,
  "market_config": {
    "costs": null,
    "demand_scale": 1.0,
    "m": 15,
    "mu": 0.25,
    "n": 2,
    "outside_quality": 0.0,
    "qualities": null,
    "xi": 0.1
  },
  "max_periods": 10000000,
  "periods_to_convergence": 10000000,
  "seed": 84
}