{
  "benchmarks": {
    "p_m": 1.9249809190175329,
    "p_n": 1.472926660030884,
    "pi_m": [
      0.337459978414553,
      0.337459978414553
    ],
    "pi_n": [
      0.22020400846622798,
      0.22020400846622798
    ],
    "static_cooperative_action": 13,
    "static_cooperative_price": 1.9314388370030566
  },
  "final_eval_avg_price_oracle": 1.666468846425414,
  "final_eval_avg_price_victim": 1.9314388036727905,
  "final_eval_avg_profit_oracle": 0.4123598005271051,
  "final_eval_avg_profit_victim": 0.20078493550873827,
  "final_eval_distance_to_monopoly_price": 0.12602709396843048,
  "final_eval_distance_to_nash_price": 0.3260271650182185,
  "final_eval_market_price_mean": 1.7989538250491024,
  "final_eval_oracle_profit_gain": 1.6387719290161569,
  "final_eval_profit_asymmetry": 0.2115748650183668,
  "final_eval_victim_profit_gain": -0.16561265892088683,
  "max_eval_profit_asymmetry": 0.21173798348219133,
  "mean_last_5_eval_profit_asymmetry": 0.21151192790484058,
  "oracle_kind": "tabular_cfr",
  "seed": 6,
  "victim_kind": "static_cooperative"
}