{
  "benchmarks": {
    "p_m": 1.9249809190175329,
    "p_n": 1.472926660030884,
    "pi_m": [
      0.337459978414553,
      0.337459978414553
    ],
    "pi_n": [
      0.22020400846622798,
      0.22020400846622798
    ],
    "static_cooperative_action": 13,
    "static_cooperative_price": 1.9314388370030566
  },
  "final_eval_avg_price_oracle": 1.4665062284972519,
  "final_eval_avg_price_victim": 1.6980974069349468,
  "final_eval_avg_profit_oracle": 0.3001319728718372,
  "final_eval_avg_profit_victim": 0.1746555749667459,
  "final_eval_distance_to_monopoly_price": 0.3426791013014334,
  "final_eval_distance_to_nash_price": 0.10937515768521555,
  "final_eval_market_price_mean": 1.5823018177160995,
  "final_eval_oracle_profit_gain": 0.6816536884291149,
  "final_eval_profit_asymmetry": 0.12547639790509127,
  "final_eval_victim_profit_gain": -0.3884530017495516,
  "max_eval_profit_asymmetry": 0.1282957635292551,
  "mean_last_5_eval_profit_asymmetry": 0.0932716469804407,
  "oracle_kind": "dqn",
  "seed": 6,
  "victim_kind": "adaptive_q"
}