{
  "benchmarks": {
    "p_m": 1.9249809190175329,
    "p_n": 1.472926660030884,
    "pi_m": [
      0.337459978414553,
      0.337459978414553
    ],
    "pi_n": [
      0.22020400846622798,
      0.22020400846622798
    ],
    "static_cooperative_action": 13,
    "static_cooperative_price": 1.9314388370030566
  },
  "final_eval_avg_price_oracle": 1.5151022848356515,
  "final_eval_avg_price_victim": 1.6984636919554323,
  "final_eval_avg_profit_oracle": 0.30207727316755334,
  "final_eval_avg_profit_victim": 0.19710897193528945,
  "final_eval_distance_to_monopoly_price": 0.3181979306219911,
  "final_eval_distance_to_nash_price": 0.13385632836465788,
  "final_eval_market_price_mean": 1.6067829883955418,
  "final_eval_oracle_profit_gain": 0.6982438910138827,
  "final_eval_profit_asymmetry": 0.10496830123226389,
  "final_eval_victim_profit_gain": -0.19696256438897367,
  "max_eval_profit_asymmetry": 0.1306975745987147,
  "mean_last_5_eval_profit_asymmetry": 0.04849892027724999,
  "oracle_kind": "dqn",
  "seed": 9,
  "victim_kind": "adaptive_q"
}