{
  "alpha_0": 0.15,
  "alpha_1": 0.15,
  "benchmarks": {
    "p_m": 1.9249809190175329,
    "p_n": 1.472926660030884,
    "pi_m": [
      0.337459978414553,
      0.337459978414553
    ],
    "pi_n": [
      0.22020400846622798,
      0.22020400846622798
    ]
  },
  "beta_0": 4e-06,
  "beta_1": 4e-06,
  "condition": "delta_o0.70_v0.95",
  "converged": false,
  "delta_0": 0.7,
  "delta_1": 0.95,
  "detected_cycle_length": 8,
  "distance_to_monopoly_price": 0.21391853326847876,
  "distance_to_nash_price": 0.2381357257181702,
  "eval_periods": 100000,
  "final_avg_price_oracle": 1.718327543482551,
  "final_avg_price_victim": 1.703797228015557,
  "final_avg_profit_oracle": 0.2836824773096872,
  "final_avg_profit_victim": 0.29536989324819796,
  "final_market_price_mean": 1.7110623857490541,
  "final_profit_asymmetry": -0.011687415938510748,
  "final_profit_gain_oracle": 0.5413666261209075,
  "final_profit_gain_victim": 0.6410410046933709,
  "m": 15,
  "market_config": {
    "costs": null,
    "demand_scale": 1.0,
    "m": 15,
    "mu": 0.25,
    "n": 2,
    "outside_quality": 0.0,
    "qualities": null,
    "xi": 0.1
  },
  "max_periods": 10000000,
  "periods_to_convergence": 10000000,
  "seed": 85
}