{
  "benchmarks": {
    "p_m": 1.9249809190175329,
    "p_n": 1.472926660030884,
    "pi_m": [
      0.337459978414553,
      0.337459978414553
    ],
    "pi_n": [
      0.22020400846622798,
      0.22020400846622798
    ],
    "static_cooperative_action": 13,
    "static_cooperative_price": 1.9314388370030566
  },
  "final_eval_avg_price_oracle": 1.5439637899398804,
  "final_eval_avg_price_victim": 1.6980955906286836,
  "final_eval_avg_profit_oracle": 0.3122408487309003,
  "final_eval_avg_profit_victim": 0.20940001230430788,
  "final_eval_distance_to_monopoly_price": 0.30395122873325087,
  "final_eval_distance_to_nash_price": 0.1481030302533981,
  "final_eval_market_price_mean": 1.621029690284282,
  "final_eval_oracle_profit_gain": 0.7849224248900348,
  "final_eval_profit_asymmetry": 0.10284083642659242,
  "final_eval_victim_profit_gain": -0.09214026515393156,
  "max_eval_profit_asymmetry": 0.10284083642659242,
  "mean_last_5_eval_profit_asymmetry": 0.10284083642659243,
  "oracle_kind": "actor_critic",
  "seed": 6,
  "victim_kind": "adaptive_q"
}