{
  "alpha_0": 0.15,
  "alpha_1": 0.03,
  "benchmarks": {
    "p_m": 1.9249809190175329,
    "p_n": 1.472926660030884,
    "pi_m": [
      0.337459978414553,
      0.337459978414553
    ],
    "pi_n": [
      0.22020400846622798,
      0.22020400846622798
    ]
  },
  "beta_0": 4e-06,
  "beta_1": 4e-06,
  "condition": "alpha_o0.15_v0.03",
  "converged": false,
  "delta_0": 0.95,
  "delta_1": 0.95,
  "detected_cycle_length": 4,
  "distance_to_monopoly_price": 0.3180660224149181,
  "distance_to_nash_price": 0.13398823657173087,
  "eval_periods": 10000,
  "final_avg_price_oracle": 1.6407976548973526,
  "final_avg_price_victim": 1.573032138307877,
  "final_avg_profit_oracle": 0.24171229155348697,
  "final_avg_profit_victim": 0.29068653838696284,
  "final_market_price_mean": 1.6069148966026148,
  "final_profit_asymmetry": -0.04897424683347587,
  "final_profit_gain_oracle": 0.18343017499866102,
  "final_profit_gain_victim": 0.6010997133177669,
  "m": 15,
  "market_config": {
    "costs": null,
    "demand_scale": 1.0,
    "m": 15,
    "mu": 0.25,
    "n": 2,
    "outside_quality": 0.0,
    "qualities": null,
    "xi": 0.1
  },
  "max_periods": 100000,
  "periods_to_convergence": 100000,
  "seed": 8
}