{
  "benchmarks": {
    "p_m": 1.9249809190175329,
    "p_n": 1.472926660030884,
    "pi_m": [
      0.337459978414553,
      0.337459978414553
    ],
    "pi_n": [
      0.22020400846622798,
      0.22020400846622798
    ],
    "static_cooperative_action": 13,
    "static_cooperative_price": 1.9314388370030566
  },
  "final_eval_avg_price_oracle": 1.6602078314730897,
  "final_eval_avg_price_victim": 1.9314388036727905,
  "final_eval_avg_profit_oracle": 0.413974792995723,
  "final_eval_avg_profit_victim": 0.19736548046465033,
  "final_eval_distance_to_monopoly_price": 0.12915760144459276,
  "final_eval_distance_to_nash_price": 0.3228966575420562,
  "final_eval_market_price_mean": 1.7958233175729401,
  "final_eval_oracle_profit_gain": 1.652545150706529,
  "final_eval_profit_asymmetry": 0.21660931253107266,
  "final_eval_victim_profit_gain": -0.19477496976608222,
  "max_eval_profit_asymmetry": 0.21671599511755632,
  "mean_last_5_eval_profit_asymmetry": 0.21660852425890043,
  "oracle_kind": "dqn",
  "seed": 6,
  "victim_kind": "static_cooperative"
}