{
  "benchmarks": {
    "p_m": 1.9249809190175329,
    "p_n": 1.472926660030884,
    "pi_m": [
      0.337459978414553,
      0.337459978414553
    ],
    "pi_n": [
      0.22020400846622798,
      0.22020400846622798
    ],
    "static_cooperative_action": 13,
    "static_cooperative_price": 1.9314388370030566
  },
  "final_eval_avg_price_oracle": 1.5827112197875977,
  "final_eval_avg_price_victim": 1.6982257579946891,
  "final_eval_avg_profit_oracle": 0.3135671437934507,
  "final_eval_avg_profit_victim": 0.2274625176228583,
  "final_eval_distance_to_monopoly_price": 0.2845124301263895,
  "final_eval_distance_to_nash_price": 0.16754182886025948,
  "final_eval_market_price_mean": 1.6404684888911434,
  "final_eval_oracle_profit_gain": 0.7962335339374879,
  "final_eval_profit_asymmetry": 0.08610462617059239,
  "final_eval_victim_profit_gain": 0.06190310958008499,
  "max_eval_profit_asymmetry": 0.08610462617059239,
  "mean_last_5_eval_profit_asymmetry": 0.08610462617059239,
  "oracle_kind": "actor_critic",
  "seed": 8,
  "victim_kind": "adaptive_q"
}