{
  "alpha_0": 0.15,
  "alpha_1": 0.15,
  "benchmarks": {
    "p_m": 1.9249809190175329,
    "p_n": 1.472926660030884,
    "pi_m": [
      0.337459978414553,
      0.337459978414553
    ],
    "pi_n": [
      0.22020400846622798,
      0.22020400846622798
    ]
  },
  "beta_0": 4e-06,
  "beta_1": 4e-06,
  "condition": "delta_o0.70_v0.95",
  "converged": false,
  "delta_0": 0.7,
  "delta_1": 0.95,
  "detected_cycle_length": 2,
  "distance_to_monopoly_price": 0.31321095967349555,
  "distance_to_nash_price": 0.13884329931315342,
  "eval_periods": 10000,
  "final_avg_price_oracle": 1.582703516282916,
  "final_avg_price_victim": 1.640836402405159,
  "final_avg_profit_oracle": 0.29352553134440307,
  "final_avg_profit_victim": 0.2539775008734644,
  "final_market_price_mean": 1.6117699593440373,
  "final_profit_asymmetry": 0.03954803047093869,
  "final_profit_gain_oracle": 0.6253116400852601,
  "final_profit_gain_victim": 0.2880321779958876,
  "m": 15,
  "market_config": {
    "costs": null,
    "demand_scale": 1.0,
    "m": 15,
    "mu": 0.25,
    "n": 2,
    "outside_quality": 0.0,
    "qualities": null,
    "xi": 0.1
  },
  "max_periods": 100000,
  "periods_to_convergence": 100000,
  "seed": 7
}