{
  "benchmarks": {
    "p_m": 1.9249809190175329,
    "p_n": 1.472926660030884,
    "pi_m": [
      0.337459978414553,
      0.337459978414553
    ],
    "pi_n": [
      0.22020400846622798,
      0.22020400846622798
    ],
    "static_cooperative_action": 13,
    "static_cooperative_price": 1.9314388370030566
  },
  "final_eval_avg_price_oracle": 1.5990182028030977,
  "final_eval_avg_price_victim": 1.6996121921762823,
  "final_eval_avg_profit_oracle": 0.3090910911962856,
  "final_eval_avg_profit_victim": 0.235263227647054,
  "final_eval_distance_to_monopoly_price": 0.27566572152784286,
  "final_eval_distance_to_nash_price": 0.17638853745880612,
  "final_eval_market_price_mean": 1.64931519748969,
  "final_eval_oracle_profit_gain": 0.7580601889117488,
  "final_eval_profit_asymmetry": 0.07382786354923157,
  "final_eval_victim_profit_gain": 0.12843029815422333,
  "max_eval_profit_asymmetry": 0.12344517542293759,
  "mean_last_5_eval_profit_asymmetry": 0.051508128249505535,
  "oracle_kind": "dqn",
  "seed": 5,
  "victim_kind": "adaptive_q"
}