{
  "alpha_0": 0.15,
  "alpha_1": 0.03,
  "benchmarks": {
    "p_m": 1.9249809190175329,
    "p_n": 1.472926660030884,
    "pi_m": [
      0.337459978414553,
      0.337459978414553
    ],
    "pi_n": [
      0.22020400846622798,
      0.22020400846622798
    ]
  },
  "beta_0": 4e-06,
  "beta_1": 4e-06,
  "condition": "alpha_o0.15_v0.03",
  "converged": false,
  "delta_0": 0.95,
  "delta_1": 0.95,
  "detected_cycle_length": 2,
  "distance_to_monopoly_price": 0.34225996635600064,
  "distance_to_nash_price": 0.10979429263064833,
  "eval_periods": 10000,
  "final_avg_price_oracle": 1.5633530108311462,
  "final_avg_price_victim": 1.6020888944919183,
  "final_avg_profit_oracle": 0.2772765498958285,
  "final_avg_profit_victim": 0.2538105149236583,
  "final_market_price_mean": 1.5827209526615322,
  "final_profit_asymmetry": 0.023466034972170202,
  "final_profit_gain_oracle": 0.4867346324008281,
  "final_profit_gain_victim": 0.2866080633015171,
  "m": 15,
  "market_config": {
    "costs": null,
    "demand_scale": 1.0,
    "m": 15,
    "mu": 0.25,
    "n": 2,
    "outside_quality": 0.0,
    "qualities": null,
    "xi": 0.1
  },
  "max_periods": 100000,
  "periods_to_convergence": 100000,
  "seed": 4
}