{
  "alpha_0": 0.15,
  "alpha_1": 0.03,
  "benchmarks": {
    "p_m": 1.9249809190175329,
    "p_n": 1.472926660030884,
    "pi_m": [
      0.337459978414553,
      0.337459978414553
    ],
    "pi_n": [
      0.22020400846622798,
      0.22020400846622798
    ]
  },
  "beta_0": 4e-06,
  "beta_1": 4e-06,
  "condition": "alpha_o0.15_v0.03",
  "converged": false,
  "delta_0": 0.95,
  "delta_1": 0.95,
  "detected_cycle_length": 4,
  "distance_to_monopoly_price": 0.3471189038482674,
  "distance_to_nash_price": 0.10493535513838159,
  "eval_periods": 10000,
  "final_avg_price_oracle": 1.582699641532237,
  "final_avg_price_victim": 1.5730243888062942,
  "final_avg_profit_oracle": 0.25657369654781503,
  "final_avg_profit_victim": 0.26755047523455483,
  "final_market_price_mean": 1.5778620151692655,
  "final_profit_asymmetry": -0.010976778686739797,
  "final_profit_gain_oracle": 0.3101734444533209,
  "final_profit_gain_victim": 0.40378725952454747,
  "m": 15,
  "market_config": {
    "costs": null,
    "demand_scale": 1.0,
    "m": 15,
    "mu": 0.25,
    "n": 2,
    "outside_quality": 0.0,
    "qualities": null,
    "xi": 0.1
  },
  "max_periods": 100000,
  "periods_to_convergence": 100000,
  "seed": 2
}