{
  "benchmarks": {
    "p_m": 1.9249809190175329,
    "p_n": 1.472926660030884,
    "pi_m": [
      0.337459978414553,
      0.337459978414553
    ],
    "pi_n": [
      0.22020400846622798,
      0.22020400846622798
    ],
    "static_cooperative_action": 13,
    "static_cooperative_price": 1.9314388370030566
  },
  "final_eval_avg_price_oracle": 1.5757037257403135,
  "final_eval_avg_price_victim": 1.6982405909756197,
  "final_eval_avg_profit_oracle": 0.31154963019967546,
  "final_eval_avg_profit_victim": 0.22427072070038412,
  "final_eval_distance_to_monopoly_price": 0.28800876065956627,
  "final_eval_distance_to_nash_price": 0.1640454983270827,
  "final_eval_market_price_mean": 1.6369721583579666,
  "final_eval_oracle_profit_gain": 0.7790274710422311,
  "final_eval_profit_asymmetry": 0.08727890949929135,
  "final_eval_victim_profit_gain": 0.03468234697089068,
  "max_eval_profit_asymmetry": 0.13102751622721553,
  "mean_last_5_eval_profit_asymmetry": 0.11631681093371009,
  "oracle_kind": "dqn_jepa",
  "seed": 8,
  "victim_kind": "adaptive_q"
}