{
  "alpha_0": 0.15,
  "alpha_1": 0.15,
  "benchmarks": {
    "p_m": 1.9249809190175329,
    "p_n": 1.472926660030884,
    "pi_m": [
      0.337459978414553,
      0.337459978414553
    ],
    "pi_n": [
      0.22020400846622798,
      0.22020400846622798
    ]
  },
  "beta_0": 4e-06,
  "beta_1": 4e-06,
  "condition": "delta_o0.70_v0.95",
  "converged": false,
  "delta_0": 0.7,
  "delta_1": 0.95,
  "detected_cycle_length": 3,
  "distance_to_monopoly_price": 0.21311045399379847,
  "distance_to_nash_price": 0.2389438049928505,
  "eval_periods": 100000,
  "final_avg_price_oracle": 1.76353348601216,
  "final_avg_price_victim": 1.6602074440353087,
  "final_avg_profit_oracle": 0.2648539239104521,
  "final_avg_profit_victim": 0.3132788253914221,
  "final_market_price_mean": 1.7118704650237344,
  "final_profit_asymmetry": -0.048424901480970006,
  "final_profit_gain_oracle": 0.38079012491987774,
  "final_profit_gain_victim": 0.7937746535738216,
  "m": 15,
  "market_config": {
    "costs": null,
    "demand_scale": 1.0,
    "m": 15,
    "mu": 0.25,
    "n": 2,
    "outside_quality": 0.0,
    "qualities": null,
    "xi": 0.1
  },
  "max_periods": 10000000,
  "periods_to_convergence": 10000000,
  "seed": 94
}