{
  "alpha_0": 0.15,
  "alpha_1": 0.15,
  "benchmarks": {
    "p_m": 1.9249809190175329,
    "p_n": 1.472926660030884,
    "pi_m": [
      0.337459978414553,
      0.337459978414553
    ],
    "pi_n": [
      0.22020400846622798,
      0.22020400846622798
    ]
  },
  "beta_0": 4e-06,
  "beta_1": 4e-06,
  "condition": "delta_o0.70_v0.95",
  "converged": false,
  "delta_0": 0.7,
  "delta_1": 0.95,
  "detected_cycle_length": 6,
  "distance_to_monopoly_price": 0.37134190842011794,
  "distance_to_nash_price": 0.08071235056653103,
  "eval_periods": 10000,
  "final_avg_price_oracle": 1.589151101599781,
  "final_avg_price_victim": 1.518126919595049,
  "final_avg_profit_oracle": 0.232027521326676,
  "final_avg_profit_victim": 0.27077004450580955,
  "final_market_price_mean": 1.553639010597415,
  "final_profit_asymmetry": -0.03874252317913354,
  "final_profit_gain_oracle": 0.10083506081318228,
  "final_profit_gain_victim": 0.4312448744559969,
  "m": 15,
  "market_config": {
    "costs": null,
    "demand_scale": 1.0,
    "m": 15,
    "mu": 0.25,
    "n": 2,
    "outside_quality": 0.0,
    "qualities": null,
    "xi": 0.1
  },
  "max_periods": 100000,
  "periods_to_convergence": 100000,
  "seed": 4
}