{
  "benchmarks": {
    "p_m": 1.9249809190175329,
    "p_n": 1.472926660030884,
    "pi_m": [
      0.337459978414553,
      0.337459978414553
    ],
    "pi_n": [
      0.22020400846622798,
      0.22020400846622798
    ],
    "static_cooperative_action": 13,
    "static_cooperative_price": 1.9314388370030566
  },
  "final_eval_avg_price_oracle": 1.6664261636286974,
  "final_eval_avg_price_victim": 1.9314388036727905,
  "final_eval_avg_profit_oracle": 0.41235164637048727,
  "final_eval_avg_profit_victim": 0.20076576517667855,
  "final_eval_distance_to_monopoly_price": 0.12604843536678878,
  "final_eval_distance_to_nash_price": 0.3260058236198602,
  "final_eval_market_price_mean": 1.798932483650744,
  "final_eval_oracle_profit_gain": 1.6387023875111792,
  "final_eval_profit_asymmetry": 0.21158588119380872,
  "final_eval_victim_profit_gain": -0.16577615023026898,
  "max_eval_profit_asymmetry": 0.21179158863244812,
  "mean_last_5_eval_profit_asymmetry": 0.2115420086027938,
  "oracle_kind": "tabular_cfr",
  "seed": 3,
  "victim_kind": "static_cooperative"
}