{
  "alpha_0": 0.03,
  "alpha_1": 0.15,
  "benchmarks": {
    "p_m": 1.9249809190175329,
    "p_n": 1.472926660030884,
    "pi_m": [
      0.337459978414553,
      0.337459978414553
    ],
    "pi_n": [
      0.22020400846622798,
      0.22020400846622798
    ]
  },
  "beta_0": 4e-06,
  "beta_1": 4e-06,
  "condition": "alpha_o0.03_v0.15",
  "converged": false,
  "delta_0": 0.95,
  "delta_1": 0.95,
  "detected_cycle_length": 4,
  "distance_to_monopoly_price": 0.1921230600704229,
  "distance_to_nash_price": 0.25993119891622607,
  "eval_periods": 100000,
  "final_avg_price_oracle": 1.7280144204586463,
  "final_avg_price_victim": 1.7377012974355737,
  "final_avg_profit_oracle": 0.3015141503233529,
  "final_avg_profit_victim": 0.2965137865492897,
  "final_market_price_mean": 1.73285785894711,
  "final_profit_asymmetry": 0.005000363774063155,
  "final_profit_gain_oracle": 0.6934413820717058,
  "final_profit_gain_victim": 0.6507965276027451,
  "m": 15,
  "market_config": {
    "costs": null,
    "demand_scale": 1.0,
    "m": 15,
    "mu": 0.25,
    "n": 2,
    "outside_quality": 0.0,
    "qualities": null,
    "xi": 0.1
  },
  "max_periods": 10000000,
  "periods_to_convergence": 10000000,
  "seed": 19
}