{
  "benchmarks": {
    "p_m": 1.9249809190175329,
    "p_n": 1.472926660030884,
    "pi_m": [
      0.337459978414553,
      0.337459978414553
    ],
    "pi_n": [
      0.22020400846622798,
      0.22020400846622798
    ]
  },
  "final_eval_avg_price_oracle": 1.5827112197875977,
  "final_eval_avg_price_victim": 1.6988366367500276,
  "final_eval_avg_profit_oracle": 0.31387808090006003,
  "final_eval_avg_profit_victim": 0.22739264738361817,
  "final_eval_distance_to_monopoly_price": 0.28420699074872013,
  "final_eval_distance_to_nash_price": 0.16784726823792884,
  "final_eval_market_price_mean": 1.6407739282688127,
  "final_eval_oracle_profit_gain": 0.7988853145397581,
  "final_eval_profit_asymmetry": 0.08648543351644186,
  "final_eval_victim_profit_gain": 0.06130723169624744,
  "max_eval_profit_asymmetry": 0.1259010349670425,
  "mean_last_5_eval_profit_asymmetry": 0.08648543351644186,
  "oracle_kind": "actor_critic",
  "seed": 1
}