{
  "benchmarks": {
    "p_m": 1.9249809190175329,
    "p_n": 1.472926660030884,
    "pi_m": [
      0.337459978414553,
      0.337459978414553
    ],
    "pi_n": [
      0.22020400846622798,
      0.22020400846622798
    ],
    "static_cooperative_action": 13,
    "static_cooperative_price": 1.9314388370030566
  },
  "final_eval_avg_price_oracle": 1.4277212619781494,
  "final_eval_avg_price_victim": 1.6986298826085404,
  "final_eval_avg_profit_oracle": 0.28946011783205905,
  "final_eval_avg_profit_victim": 0.15820259777765022,
  "final_eval_distance_to_monopoly_price": 0.36180534672418796,
  "final_eval_distance_to_nash_price": 0.09024891226246101,
  "final_eval_market_price_mean": 1.563175572293345,
  "final_eval_oracle_profit_gain": 0.5906403690690751,
  "final_eval_profit_asymmetry": 0.13125752005440883,
  "final_eval_victim_profit_gain": -0.5287697565923674,
  "max_eval_profit_asymmetry": 0.13125752005440883,
  "mean_last_5_eval_profit_asymmetry": 0.10021119350309018,
  "oracle_kind": "dqn",
  "seed": 4,
  "victim_kind": "adaptive_q"
}