{
  "benchmarks": {
    "p_m": 1.9249809190175329,
    "p_n": 1.472926660030884,
    "pi_m": [
      0.337459978414553,
      0.337459978414553
    ],
    "pi_n": [
      0.22020400846622798,
      0.22020400846622798
    ],
    "static_cooperative_action": 13,
    "static_cooperative_price": 1.9314388370030566
  },
  "final_eval_avg_price_oracle": 1.6927487604077904,
  "final_eval_avg_price_victim": 1.698866908156313,
  "final_eval_avg_profit_oracle": 0.3000957329327939,
  "final_eval_avg_profit_victim": 0.2793466282832669,
  "final_eval_distance_to_monopoly_price": 0.22917308473548115,
  "final_eval_distance_to_nash_price": 0.22288117425116782,
  "final_eval_market_price_mean": 1.6958078342820517,
  "final_eval_oracle_profit_gain": 0.6813446215299264,
  "final_eval_profit_asymmetry": 0.020749104649527006,
  "final_eval_victim_profit_gain": 0.5043889862759501,
  "max_eval_profit_asymmetry": 0.1279738655713736,
  "mean_last_5_eval_profit_asymmetry": 0.07044372160402126,
  "oracle_kind": "dqn_jepa",
  "seed": 1,
  "victim_kind": "adaptive_q"
}