{
  "benchmarks": {
    "p_m": 1.9249809190175329,
    "p_n": 1.472926660030884,
    "pi_m": [
      0.337459978414553,
      0.337459978414553
    ],
    "pi_n": [
      0.22020400846622798,
      0.22020400846622798
    ],
    "static_cooperative_action": 13,
    "static_cooperative_price": 1.9314388370030566
  },
  "final_eval_avg_price_oracle": 1.5638717968789861,
  "final_eval_avg_price_victim": 1.6988608538685366,
  "final_eval_avg_profit_oracle": 0.3121739801329095,
  "final_eval_avg_profit_victim": 0.21869861282390776,
  "final_eval_distance_to_monopoly_price": 0.2936145936437715,
  "final_eval_distance_to_nash_price": 0.15843966534287746,
  "final_eval_market_price_mean": 1.6313663253737614,
  "final_eval_oracle_profit_gain": 0.7843521460545922,
  "final_eval_profit_asymmetry": 0.09347536730900172,
  "final_eval_victim_profit_gain": -0.01283854155130565,
  "max_eval_profit_asymmetry": 0.09347536730900172,
  "mean_last_5_eval_profit_asymmetry": 0.09307009426739532,
  "oracle_kind": "tabular_cfr",
  "seed": 1,
  "victim_kind": "adaptive_q"
}