{
  "benchmarks": {
    "p_m": 1.9249809190175329,
    "p_n": 1.472926660030884,
    "pi_m": [
      0.337459978414553,
      0.337459978414553
    ],
    "pi_n": [
      0.22020400846622798,
      0.22020400846622798
    ],
    "static_cooperative_action": 13,
    "static_cooperative_price": 1.9314388370030566
  },
  "final_eval_avg_price_oracle": 1.6664948797468095,
  "final_eval_avg_price_victim": 1.9314388036727905,
  "final_eval_avg_profit_oracle": 0.4123503433938604,
  "final_eval_avg_profit_victim": 0.20080010574508925,
  "final_eval_distance_to_monopoly_price": 0.12601407730773273,
  "final_eval_distance_to_nash_price": 0.32604018167891624,
  "final_eval_market_price_mean": 1.7989668417098001,
  "final_eval_oracle_profit_gain": 1.6386912752699223,
  "final_eval_profit_asymmetry": 0.21155023764877115,
  "final_eval_victim_profit_gain": -0.16548328182940347,
  "max_eval_profit_asymmetry": 0.21174496935657225,
  "mean_last_5_eval_profit_asymmetry": 0.2115382672691485,
  "oracle_kind": "tabular_cfr",
  "seed": 0,
  "victim_kind": "static_cooperative"
}