{
  "benchmarks": {
    "p_m": 1.9249809190175329,
    "p_n": 1.472926660030884,
    "pi_m": [
      0.337459978414553,
      0.337459978414553
    ],
    "pi_n": [
      0.22020400846622798,
      0.22020400846622798
    ],
    "static_cooperative_action": 13,
    "static_cooperative_price": 1.9314388370030566
  },
  "final_eval_avg_price_oracle": 1.5963760821698234,
  "final_eval_avg_price_victim": 1.697468668004498,
  "final_eval_avg_profit_oracle": 0.30845089107070817,
  "final_eval_avg_profit_victim": 0.2343038988604094,
  "final_eval_distance_to_monopoly_price": 0.2780585439303722,
  "final_eval_distance_to_nash_price": 0.17399571505627676,
  "final_eval_market_price_mean": 1.6469223750871607,
  "final_eval_oracle_profit_gain": 0.752600337904934,
  "final_eval_profit_asymmetry": 0.07414699221029877,
  "final_eval_victim_profit_gain": 0.12024880609827601,
  "max_eval_profit_asymmetry": 0.12513852669007614,
  "mean_last_5_eval_profit_asymmetry": 0.08698419906578495,
  "oracle_kind": "dqn",
  "seed": 3,
  "victim_kind": "adaptive_q"
}