{
  "benchmarks": {
    "p_m": 1.9249809190175329,
    "p_n": 1.472926660030884,
    "pi_m": [
      0.337459978414553,
      0.337459978414553
    ],
    "pi_n": [
      0.22020400846622798,
      0.22020400846622798
    ],
    "static_cooperative_action": 13,
    "static_cooperative_price": 1.9314388370030566
  },
  "final_eval_avg_price_oracle": 1.5827408858798444,
  "final_eval_avg_price_victim": 1.6988363340357318,
  "final_eval_avg_profit_oracle": 0.3138750330451876,
  "final_eval_avg_profit_victim": 0.2274063303442672,
  "final_eval_distance_to_monopoly_price": 0.2841923090597449,
  "final_eval_distance_to_nash_price": 0.16786194992690406,
  "final_eval_market_price_mean": 1.640788609957788,
  "final_eval_oracle_profit_gain": 0.7988593213653912,
  "final_eval_profit_asymmetry": 0.08646870270092041,
  "final_eval_victim_profit_gain": 0.06142392477938043,
  "max_eval_profit_asymmetry": 0.12719140088540737,
  "mean_last_5_eval_profit_asymmetry": 0.039020964839868236,
  "oracle_kind": "dqn_regret",
  "seed": 1,
  "victim_kind": "adaptive_q"
}