{
  "benchmarks": {
    "p_m": 1.9249809190175329,
    "p_n": 1.472926660030884,
    "pi_m": [
      0.337459978414553,
      0.337459978414553
    ],
    "pi_n": [
      0.22020400846622798,
      0.22020400846622798
    ],
    "static_cooperative_action": 13,
    "static_cooperative_price": 1.9314388370030566
  },
  "final_eval_avg_price_oracle": 1.6602063179016113,
  "final_eval_avg_price_victim": 1.9314388036727905,
  "final_eval_avg_profit_oracle": 0.4139748513698578,
  "final_eval_avg_profit_victim": 0.1973647177219391,
  "final_eval_distance_to_monopoly_price": 0.12915835823033195,
  "final_eval_distance_to_nash_price": 0.322895900756317,
  "final_eval_market_price_mean": 1.795822560787201,
  "final_eval_oracle_profit_gain": 1.652545648541606,
  "final_eval_profit_asymmetry": 0.2166101336479187,
  "final_eval_victim_profit_gain": -0.19478147470320037,
  "max_eval_profit_asymmetry": 0.2167057962686522,
  "mean_last_5_eval_profit_asymmetry": 0.2166101336479187,
  "oracle_kind": "dqn",
  "seed": 1,
  "victim_kind": "static_cooperative"
}